epoch,head,head_family,alpha,coverage_target,conformal_score,calibration_source,n_fit,n_selection,n_calib,n_test,selection_acc,test_acc,qhat,coverage,coverage_gap,avg_set_size,median_set_size,singleton_rate,empty_rate,valid_at_target,selected_overall,selected_nonlinear,fit_seconds,error
0,linear_logreg,linear,0.1,0.9,rank,holdout,7500,2500,5000,5000,0.6396,0.646,0.8209944589031248,0.898,-0.0020000000000000018,2.6874,3.0,0.227,0.0,True,True,False,0.02337789535522461,
0,linear_svm,linear,0.1,0.9,rank,holdout,7500,2500,5000,5000,0.6324,0.628,0.4966092351680143,0.9012,0.0011999999999999789,3.082,3.0,0.0926,0.0,True,False,False,0.0220792293548584,
0,knn_distance,nonlinear,0.1,0.9,rank,holdout,7500,2500,5000,5000,0.4316,0.4018,0.9387749803844087,0.8868,-0.01319999999999999,5.2878,6.0,0.089,0.0,False,False,False,0.5934467315673828,
0,random_forest,nonlinear,0.1,0.9,rank,holdout,7500,2500,5000,5000,0.458,0.4416,0.7966666666666667,0.8964,-0.0036000000000000476,4.736,5.0,0.0932,0.0,True,False,False,0.48481154441833496,
0,rbf_svm,nonlinear,0.1,0.9,rank,holdout,7500,2500,5000,5000,0.614,0.6046,0.953044066475446,0.8912,-0.00880000000000003,3.2656,3.0,0.0,0.0,True,False,False,7.015488147735596,
0,small_mlp,nonlinear,0.1,0.9,rank,holdout,7500,2500,5000,5000,0.6256,0.6126,0.8592823542512131,0.8942,-0.005800000000000027,2.7836,3.0,0.2198,0.0,True,False,True,0.02545928955078125,
1,linear_logreg,linear,0.1,0.9,rank,holdout,7500,2500,5000,5000,0.85,0.8482,0.6866986283925326,0.906,0.006000000000000005,1.1898,1.0,0.8176,0.0,True,True,False,0.02241039276123047,
1,linear_svm,linear,0.1,0.9,rank,holdout,7500,2500,5000,5000,0.84,0.8446,0.3762574949792296,0.9034,0.0033999999999999586,1.2152,1.0,0.7874,0.0,True,False,False,0.020635366439819336,
1,knn_distance,nonlinear,0.1,0.9,rank,holdout,7500,2500,5000,5000,0.8204,0.8212,0.7417278198539714,0.9086,0.008599999999999941,1.3042,1.0,0.7306,0.0,True,False,False,0.6348817348480225,
1,random_forest,nonlinear,0.1,0.9,rank,holdout,7500,2500,5000,5000,0.82,0.8246,0.6133333333333333,0.9024,0.0023999999999999577,1.2668,1.0,0.7628,0.0,True,False,False,0.5646886825561523,
1,rbf_svm,nonlinear,0.1,0.9,rank,holdout,7500,2500,5000,5000,0.85,0.8552,0.6430236093597911,0.9056,0.005599999999999938,1.3218,1.0,0.6822,0.0,True,False,True,3.707415819168091,
1,small_mlp,nonlinear,0.1,0.9,rank,holdout,7500,2500,5000,5000,0.8436,0.8484,0.6936398958848641,0.9048,0.0048000000000000265,1.184,1.0,0.8254,0.0,True,False,False,0.027207612991333008,
2,linear_logreg,linear,0.1,0.9,rank,holdout,7500,2500,5000,5000,0.948,0.9472,0.0,0.9472,0.04720000000000002,1.0,1.0,1.0,0.0,True,False,False,0.033010244369506836,
2,linear_svm,linear,0.1,0.9,rank,holdout,7500,2500,5000,5000,0.9464,0.9516,0.0,0.9516,0.05159999999999998,1.0,1.0,1.0,0.0,True,False,False,0.024302959442138672,
2,knn_distance,nonlinear,0.1,0.9,rank,holdout,7500,2500,5000,5000,0.9504,0.9438,0.0,0.9438,0.04379999999999995,1.0,1.0,1.0,0.0,True,False,False,0.6146862506866455,
2,random_forest,nonlinear,0.1,0.9,rank,holdout,7500,2500,5000,5000,0.9524,0.9452,0.0,0.9452,0.04520000000000002,1.0,1.0,1.0,0.0,True,False,False,0.29618358612060547,
2,rbf_svm,nonlinear,0.1,0.9,rank,holdout,7500,2500,5000,5000,0.9532,0.9478,0.0,0.9478,0.047799999999999954,1.0,1.0,1.0,0.0,True,True,True,1.1554923057556152,
2,small_mlp,nonlinear,0.1,0.9,rank,holdout,7500,2500,5000,5000,0.9512,0.9466,0.0,0.9466,0.046599999999999975,1.0,1.0,1.0,0.0,True,False,False,0.037209510803222656,
5,linear_logreg,linear,0.1,0.9,rank,holdout,7500,2500,5000,5000,0.9772,0.974,0.0,0.974,0.07399999999999995,1.0,1.0,1.0,0.0,True,False,False,0.02106785774230957,
5,linear_svm,linear,0.1,0.9,rank,holdout,7500,2500,5000,5000,0.9828,0.9766,0.0,0.9766,0.0766,1.0,1.0,1.0,0.0,True,False,False,0.02031850814819336,
5,knn_distance,nonlinear,0.1,0.9,rank,holdout,7500,2500,5000,5000,0.984,0.9774,0.0,0.9774,0.07740000000000002,1.0,1.0,1.0,0.0,True,True,True,0.6395742893218994,
5,random_forest,nonlinear,0.1,0.9,rank,holdout,7500,2500,5000,5000,0.9828,0.976,0.0,0.9762,0.07619999999999993,1.0,1.0,1.0,0.0,True,False,False,0.2583627700805664,
5,rbf_svm,nonlinear,0.1,0.9,rank,holdout,7500,2500,5000,5000,0.9828,0.977,0.0,0.977,0.07699999999999996,1.0,1.0,1.0,0.0,True,False,False,0.5979089736938477,
5,small_mlp,nonlinear,0.1,0.9,rank,holdout,7500,2500,5000,5000,0.9836,0.9768,0.0,0.9768,0.07679999999999998,1.0,1.0,1.0,0.0,True,False,False,0.024411678314208984,
10,linear_logreg,linear,0.1,0.9,rank,holdout,7500,2500,5000,5000,0.9888,0.9816,0.0,0.9816,0.0816,1.0,1.0,1.0,0.0,True,False,False,0.04718303680419922,
10,linear_svm,linear,0.1,0.9,rank,holdout,7500,2500,5000,5000,0.9896,0.9842,0.0,0.9842,0.08419999999999994,1.0,1.0,1.0,0.0,True,False,False,0.04477405548095703,
10,knn_distance,nonlinear,0.1,0.9,rank,holdout,7500,2500,5000,5000,0.99,0.9846,0.0,0.9846,0.08460000000000001,1.0,1.0,1.0,0.0,True,False,False,0.9765665531158447,
10,random_forest,nonlinear,0.1,0.9,rank,holdout,7500,2500,5000,5000,0.992,0.9858,0.0,0.9858,0.08579999999999999,1.0,1.0,1.0,0.0,True,False,False,0.30545616149902344,
10,rbf_svm,nonlinear,0.1,0.9,rank,holdout,7500,2500,5000,5000,0.9924,0.9858,0.0,0.9858,0.08579999999999999,1.0,1.0,1.0,0.0,True,True,True,0.4157984256744385,
10,small_mlp,nonlinear,0.1,0.9,rank,holdout,7500,2500,5000,5000,0.9892,0.9836,0.0,0.9836,0.08360000000000001,1.0,1.0,1.0,0.0,True,False,False,0.029519081115722656,
20,linear_logreg,linear,0.1,0.9,rank,holdout,7500,2500,5000,5000,0.9956,0.9876,0.0,0.9876,0.08760000000000001,1.0,1.0,1.0,0.0,True,False,False,0.0422213077545166,
20,linear_svm,linear,0.1,0.9,rank,holdout,7500,2500,5000,5000,0.9964,0.9892,0.0,0.9892,0.08919999999999995,1.0,1.0,1.0,0.0,True,False,False,0.02028942108154297,
20,knn_distance,nonlinear,0.1,0.9,rank,holdout,7500,2500,5000,5000,0.9964,0.9888,0.0,0.9888,0.08879999999999999,1.0,1.0,1.0,0.0,True,False,False,0.6266281604766846,
20,random_forest,nonlinear,0.1,0.9,rank,holdout,7500,2500,5000,5000,0.9968,0.9884,0.0,0.9884,0.08839999999999992,1.0,1.0,1.0,0.0,True,False,False,0.25632548332214355,
20,rbf_svm,nonlinear,0.1,0.9,rank,holdout,7500,2500,5000,5000,0.9968,0.9898,0.0,0.9898,0.08979999999999999,1.0,1.0,1.0,0.0,True,False,False,0.26401233673095703,
20,small_mlp,nonlinear,0.1,0.9,rank,holdout,7500,2500,5000,5000,0.9972,0.9888,0.0,0.9888,0.08879999999999999,1.0,1.0,1.0,0.0,True,True,True,0.025200605392456055,
