setting,model_family,method,coverage,coverage_error,avg_length,median_length,qhat,max_abs_cond_error,mean_abs_cond_error,worst_undercoverage,worst_overcoverage,seed,pi_upper_max_abs_cond_error,pi_upper_mean_abs_cond_error,pi_upper_worst_undercoverage,pi_upper_worst_overcoverage,mode_entropy_max_abs_cond_error,mode_entropy_mean_abs_cond_error,mode_entropy_worst_undercoverage,mode_entropy_worst_overcoverage,mode_margin_max_abs_cond_error,mode_margin_mean_abs_cond_error,mode_margin_worst_undercoverage,mode_margin_worst_overcoverage,mode_separation_max_abs_cond_error,mode_separation_mean_abs_cond_error,mode_separation_worst_undercoverage,mode_separation_worst_overcoverage
homoskedastic,rf,absolute residual,0.8993333333333333,-0.0006666666666667043,0.8620122859253567,0.8620122859253567,0.43100614296267836,0.0006666666666667043,0.0006666666666667043,-0.0006666666666667043,-0.0006666666666667043,0,,,,,,,,,,,,,,,,
homoskedastic,rf,locally normalized residual,0.8973333333333333,-0.002666666666666706,0.8854345055617935,0.8758756159040743,3.1194082368936695,0.002666666666666706,0.002666666666666706,-0.002666666666666706,-0.002666666666666706,0,,,,,,,,,,,,,,,,
homoskedastic,rf,stabilized normalized residual,0.902,0.0020000000000000018,0.8813520229433786,0.8737439706591874,2.8280908804036624,0.0020000000000000018,0.0020000000000000018,0.0020000000000000018,0.0020000000000000018,0,,,,,,,,,,,,,,,,
homoskedastic,rf,blended normalized residual gamma=0.25,0.902,0.0020000000000000018,0.868528083268349,0.8627666468119419,2.8555474807916514,0.0020000000000000018,0.0020000000000000018,0.0020000000000000018,0.0020000000000000018,0,,,,,,,,,,,,,,,,
homoskedastic,rf,blended normalized residual gamma=0.50,0.8993333333333333,-0.0006666666666667043,0.8644821065158036,0.8605625540169679,2.9139785751088283,0.0006666666666667043,0.0006666666666667043,-0.0006666666666667043,-0.0006666666666667043,0,,,,,,,,,,,,,,,,
homoskedastic,rf,blended normalized residual gamma=0.75,0.902,0.0020000000000000018,0.8712985175004948,0.869272146301729,3.0129981727120767,0.0020000000000000018,0.0020000000000000018,0.0020000000000000018,0.0020000000000000018,0,,,,,,,,,,,,,,,,
homoskedastic,rf,oracle local normalization,0.8993333333333333,-0.0006666666666667043,0.8620122859253567,0.8620122859253567,1.7240245718507134,0.0006666666666667043,0.0006666666666667043,-0.0006666666666667043,-0.0006666666666667043,0,,,,,,,,,,,,,,,,
homoskedastic,rf,gmm density level set (1 comp),0.8993333333333333,-0.0006666666666667043,0.8673894912426762,0.8673894912426761,2.0279610686505842,0.0006666666666667043,0.0006666666666667043,-0.0006666666666667043,-0.0006666666666667043,0,,,,,,,,,,,,,,,,
homoskedastic,rf,absolute residual,0.9,0.0,0.845492495774974,0.8454924957749741,0.42274624788748705,0.0,0.0,0.0,0.0,1,,,,,,,,,,,,,,,,
homoskedastic,rf,locally normalized residual,0.9033333333333333,0.0033333333333332993,0.8719169931298753,0.86329610323763,3.0807510111231133,0.0033333333333332993,0.0033333333333332993,0.0033333333333332993,0.0033333333333332993,1,,,,,,,,,,,,,,,,
homoskedastic,rf,stabilized normalized residual,0.904,0.0040000000000000036,0.8599977265156246,0.8527652566621154,2.766767438867645,0.0040000000000000036,0.0040000000000000036,0.0040000000000000036,0.0040000000000000036,1,,,,,,,,,,,,,,,,
homoskedastic,rf,blended normalized residual gamma=0.25,0.9026666666666666,0.002666666666666595,0.8535945335175195,0.8480734179697158,2.816122852135859,0.002666666666666595,0.002666666666666595,0.002666666666666595,0.002666666666666595,1,,,,,,,,,,,,,,,,
homoskedastic,rf,blended normalized residual gamma=0.50,0.9033333333333333,0.0033333333333332993,0.8472657967870961,0.8435168423722033,2.8683106089662096,0.0033333333333332993,0.0033333333333332993,0.0033333333333332993,0.0033333333333332993,1,,,,,,,,,,,,,,,,
homoskedastic,rf,blended normalized residual gamma=0.75,0.9,0.0,0.8409516999198637,0.8390412532226796,2.9233508455737596,0.0,0.0,0.0,0.0,1,,,,,,,,,,,,,,,,
homoskedastic,rf,oracle local normalization,0.9,0.0,0.8454924957749738,0.8454924957749739,1.6909849915499477,0.0,0.0,0.0,0.0,1,,,,,,,,,,,,,,,,
homoskedastic,rf,gmm density level set (1 comp),0.9,0.0,0.8407005838198244,0.8407005838198245,1.9587191272232078,0.0,0.0,0.0,0.0,1,,,,,,,,,,,,,,,,
homoskedastic,rf,absolute residual,0.9086666666666666,0.0086666666666666,0.8601431253142655,0.8601431253142655,0.43007156265713276,0.0086666666666666,0.0086666666666666,0.0086666666666666,0.0086666666666666,2,,,,,,,,,,,,,,,,
homoskedastic,rf,locally normalized residual,0.9146666666666666,0.014666666666666606,0.8808817110972583,0.8784711913068788,3.1115260299418774,0.014666666666666606,0.014666666666666606,0.014666666666666606,0.014666666666666606,2,,,,,,,,,,,,,,,,
homoskedastic,rf,stabilized normalized residual,0.9153333333333333,0.01533333333333331,0.8760977480671357,0.8743833172090646,2.814070728119193,0.01533333333333331,0.01533333333333331,0.01533333333333331,0.01533333333333331,2,,,,,,,,,,,,,,,,
homoskedastic,rf,blended normalized residual gamma=0.25,0.9133333333333333,0.013333333333333308,0.8699690437231631,0.868663462909038,2.8573111089528007,0.013333333333333308,0.013333333333333308,0.013333333333333308,0.013333333333333308,2,,,,,,,,,,,,,,,,
homoskedastic,rf,blended normalized residual gamma=0.50,0.91,0.010000000000000009,0.8641954020484621,0.8633108727508096,2.9037368208459506,0.010000000000000009,0.010000000000000009,0.010000000000000009,0.010000000000000009,2,,,,,,,,,,,,,,,,
homoskedastic,rf,blended normalized residual gamma=0.75,0.9093333333333333,0.009333333333333305,0.8616992817304754,0.86124789568398,2.96362435275642,0.009333333333333305,0.009333333333333305,0.009333333333333305,0.009333333333333305,2,,,,,,,,,,,,,,,,
homoskedastic,rf,oracle local normalization,0.9086666666666666,0.0086666666666666,0.8601431253142655,0.8601431253142655,1.720286250628531,0.0086666666666666,0.0086666666666666,0.0086666666666666,0.0086666666666666,2,,,,,,,,,,,,,,,,
homoskedastic,rf,gmm density level set (1 comp),0.9086666666666666,0.0086666666666666,0.8607172643869632,0.8607172643869632,2.0706451401892583,0.0086666666666666,0.0086666666666666,0.0086666666666666,0.0086666666666666,2,,,,,,,,,,,,,,,,
homoskedastic,krr,absolute residual,0.9193333333333333,0.019333333333333313,1.3716606121634356,1.3716606121634358,0.6858303060817179,0.019333333333333313,0.019333333333333313,0.019333333333333313,0.019333333333333313,0,,,,,,,,,,,,,,,,
homoskedastic,krr,locally normalized residual,0.9086666666666666,0.0086666666666666,44.433608133880206,35.4851737415035,2227.361752774893,0.0086666666666666,0.0086666666666666,0.0086666666666666,0.0086666666666666,0,,,,,,,,,,,,,,,,
homoskedastic,krr,stabilized normalized residual,0.9,0.0,6.0127096398816064,5.130578173867093,292.6263950521661,0.0,0.0,0.0,0.0,0,,,,,,,,,,,,,,,,
homoskedastic,krr,blended normalized residual gamma=0.25,0.9073333333333333,0.007333333333333303,2.498367712127994,2.207414917944474,128.68900773856217,0.007333333333333303,0.007333333333333303,0.007333333333333303,0.007333333333333303,0,,,,,,,,,,,,,,,,
homoskedastic,krr,blended normalized residual gamma=0.50,0.9173333333333333,0.01733333333333331,1.8197795035428208,1.6697356399503156,99.54705527316786,0.01733333333333331,0.01733333333333331,0.01733333333333331,0.01733333333333331,0,,,,,,,,,,,,,,,,
homoskedastic,krr,blended normalized residual gamma=0.75,0.918,0.018000000000000016,1.4982018784234563,1.4323547234065825,87.37298844620021,0.018000000000000016,0.018000000000000016,0.018000000000000016,0.018000000000000016,0,,,,,,,,,,,,,,,,
homoskedastic,krr,oracle local normalization,0.9193333333333333,0.019333333333333313,1.3716606121634356,1.3716606121634358,2.7433212243268716,0.019333333333333313,0.019333333333333313,0.019333333333333313,0.019333333333333313,0,,,,,,,,,,,,,,,,
homoskedastic,krr,gmm density level set (1 comp),0.9193333333333333,0.019333333333333313,1.374478732276856,1.374478732276856,631.4015984290702,0.019333333333333313,0.019333333333333313,0.019333333333333313,0.019333333333333313,0,,,,,,,,,,,,,,,,
homoskedastic,krr,absolute residual,0.9126666666666666,0.012666666666666604,1.364351973360822,1.364351973360822,0.682175986680411,0.012666666666666604,0.012666666666666604,0.012666666666666604,0.012666666666666604,1,,,,,,,,,,,,,,,,
homoskedastic,krr,locally normalized residual,0.9,0.0,41.20991962926432,31.8379827651314,1994.3420155302438,0.0,0.0,0.0,0.0,1,,,,,,,,,,,,,,,,
homoskedastic,krr,stabilized normalized residual,0.9013333333333333,0.0013333333333332975,6.004575454844133,5.003360799617415,284.0521072932313,0.0013333333333332975,0.0013333333333332975,0.0013333333333332975,0.0013333333333332975,1,,,,,,,,,,,,,,,,
homoskedastic,krr,blended normalized residual gamma=0.25,0.8986666666666666,-0.0013333333333334085,2.5648415949658605,2.2254762619155377,128.3739871924334,0.0013333333333334085,0.0013333333333334085,-0.0013333333333334085,-0.0013333333333334085,1,,,,,,,,,,,,,,,,
homoskedastic,krr,blended normalized residual gamma=0.50,0.8906666666666667,-0.009333333333333305,1.784178402016052,1.6171001164958343,94.80272554382718,0.009333333333333305,0.009333333333333305,-0.009333333333333305,-0.009333333333333305,1,,,,,,,,,,,,,,,,
homoskedastic,krr,blended normalized residual gamma=0.75,0.9013333333333333,0.0013333333333332975,1.4529794382109054,1.380480935684053,82.2734757660649,0.0013333333333332975,0.0013333333333332975,0.0013333333333332975,0.0013333333333332975,1,,,,,,,,,,,,,,,,
homoskedastic,krr,oracle local normalization,0.9126666666666666,0.012666666666666604,1.364351973360822,1.364351973360822,2.728703946721644,0.012666666666666604,0.012666666666666604,0.012666666666666604,0.012666666666666604,1,,,,,,,,,,,,,,,,
homoskedastic,krr,gmm density level set (1 comp),0.9126666666666666,0.012666666666666604,1.3611342785654301,1.3611342785654301,604.9146584342657,0.012666666666666604,0.012666666666666604,0.012666666666666604,0.012666666666666604,1,,,,,,,,,,,,,,,,
homoskedastic,krr,absolute residual,0.8866666666666667,-0.013333333333333308,1.29694036354317,1.2969403635431698,0.6484701817715849,0.013333333333333308,0.013333333333333308,-0.013333333333333308,-0.013333333333333308,2,,,,,,,,,,,,,,,,
homoskedastic,krr,locally normalized residual,0.89,-0.010000000000000009,34.99011200415099,27.907768850747267,1782.9241983414884,0.010000000000000009,0.010000000000000009,-0.010000000000000009,-0.010000000000000009,2,,,,,,,,,,,,,,,,
homoskedastic,krr,stabilized normalized residual,0.896,-0.0040000000000000036,5.71140812846707,4.875525247867054,283.45854478340874,0.0040000000000000036,0.0040000000000000036,-0.0040000000000000036,-0.0040000000000000036,2,,,,,,,,,,,,,,,,
homoskedastic,krr,blended normalized residual gamma=0.25,0.8953333333333333,-0.004666666666666708,2.5012846963217137,2.209822418531094,131.7847672032421,0.004666666666666708,0.004666666666666708,-0.004666666666666708,-0.004666666666666708,2,,,,,,,,,,,,,,,,
homoskedastic,krr,blended normalized residual gamma=0.50,0.8913333333333333,-0.008666666666666711,1.7506978600966365,1.6057721919087862,98.29228462437834,0.008666666666666711,0.008666666666666711,-0.008666666666666711,-0.008666666666666711,2,,,,,,,,,,,,,,,,
homoskedastic,krr,blended normalized residual gamma=0.75,0.8866666666666667,-0.013333333333333308,1.3976866455138155,1.335771812619214,83.9844377251203,0.013333333333333308,0.013333333333333308,-0.013333333333333308,-0.013333333333333308,2,,,,,,,,,,,,,,,,
homoskedastic,krr,oracle local normalization,0.8866666666666667,-0.013333333333333308,1.29694036354317,1.2969403635431698,2.5938807270863395,0.013333333333333308,0.013333333333333308,-0.013333333333333308,-0.013333333333333308,2,,,,,,,,,,,,,,,,
homoskedastic,krr,gmm density level set (1 comp),0.8866666666666667,-0.013333333333333308,1.2944120100083012,1.2944120100083012,616.050045945325,0.013333333333333308,0.013333333333333308,-0.013333333333333308,-0.013333333333333308,2,,,,,,,,,,,,,,,,
homoskedastic,mlp,absolute residual,0.902,0.0020000000000000018,0.9352104436963893,0.9352104436963891,0.46760522184819453,0.0020000000000000018,0.0020000000000000018,0.0020000000000000018,0.0020000000000000018,0,,,,,,,,,,,,,,,,
homoskedastic,mlp,locally normalized residual,0.898,-0.0020000000000000018,0.958567359777865,0.948215302181777,2.370995668291283,0.0020000000000000018,0.0020000000000000018,-0.0020000000000000018,-0.0020000000000000018,0,,,,,,,,,,,,,,,,
homoskedastic,mlp,stabilized normalized residual,0.8986666666666666,-0.0013333333333334085,0.9568386422590464,0.9494659027271833,2.1544227468573647,0.0013333333333334085,0.0013333333333334085,-0.0013333333333334085,-0.0013333333333334085,0,,,,,,,,,,,,,,,,
homoskedastic,mlp,blended normalized residual gamma=0.25,0.8973333333333333,-0.002666666666666706,0.9398288326544083,0.9342842801535249,2.1602662036137144,0.002666666666666706,0.002666666666666706,-0.002666666666666706,-0.002666666666666706,0,,,,,,,,,,,,,,,,
homoskedastic,mlp,blended normalized residual gamma=0.50,0.8946666666666667,-0.005333333333333301,0.9265773053721958,0.9228554161148611,2.175181380715334,0.005333333333333301,0.005333333333333301,-0.005333333333333301,-0.005333333333333301,0,,,,,,,,,,,,,,,,
homoskedastic,mlp,blended normalized residual gamma=0.75,0.8973333333333333,-0.002666666666666706,0.9241531946936278,0.9222567148172306,2.216717065351142,0.002666666666666706,0.002666666666666706,-0.002666666666666706,-0.002666666666666706,0,,,,,,,,,,,,,,,,
homoskedastic,mlp,oracle local normalization,0.902,0.0020000000000000018,0.9352104436963893,0.9352104436963891,1.8704208873927781,0.0020000000000000018,0.0020000000000000018,0.0020000000000000018,0.0020000000000000018,0,,,,,,,,,,,,,,,,
homoskedastic,mlp,gmm density level set (1 comp),0.902,0.0020000000000000018,0.934111759799805,0.934111759799805,1.2777422352809569,0.0020000000000000018,0.0020000000000000018,0.0020000000000000018,0.0020000000000000018,0,,,,,,,,,,,,,,,,
homoskedastic,mlp,absolute residual,0.9026666666666666,0.002666666666666595,0.9276080225765126,0.9276080225765126,0.4638040112882563,0.002666666666666595,0.002666666666666595,0.002666666666666595,0.002666666666666595,1,,,,,,,,,,,,,,,,
homoskedastic,mlp,locally normalized residual,0.8973333333333333,-0.002666666666666706,0.9751105604985186,0.9678401506589495,2.4367743931931534,0.002666666666666706,0.002666666666666706,-0.002666666666666706,-0.002666666666666706,1,,,,,,,,,,,,,,,,
homoskedastic,mlp,stabilized normalized residual,0.8973333333333333,-0.002666666666666706,0.9602672505936638,0.955069561717861,2.185900998839133,0.002666666666666706,0.002666666666666706,-0.002666666666666706,-0.002666666666666706,1,,,,,,,,,,,,,,,,
homoskedastic,mlp,blended normalized residual gamma=0.25,0.8973333333333333,-0.002666666666666706,0.9499953236193496,0.9460445906319442,2.215320793444534,0.002666666666666706,0.002666666666666706,-0.002666666666666706,-0.002666666666666706,1,,,,,,,,,,,,,,,,
homoskedastic,mlp,blended normalized residual gamma=0.50,0.9006666666666666,0.0006666666666665932,0.9420310483523339,0.9393539399675329,2.2517291943271283,0.0006666666666665932,0.0006666666666665932,0.0006666666666665932,0.0006666666666665932,1,,,,,,,,,,,,,,,,
homoskedastic,mlp,blended normalized residual gamma=0.75,0.904,0.0040000000000000036,0.9313784188160765,0.9300210282450326,2.2834159380894308,0.0040000000000000036,0.0040000000000000036,0.0040000000000000036,0.0040000000000000036,1,,,,,,,,,,,,,,,,
homoskedastic,mlp,oracle local normalization,0.9026666666666666,0.002666666666666595,0.9276080225765126,0.9276080225765126,1.8552160451530253,0.002666666666666595,0.002666666666666595,0.002666666666666595,0.002666666666666595,1,,,,,,,,,,,,,,,,
homoskedastic,mlp,gmm density level set (1 comp),0.898,-0.0020000000000000018,0.9207673060883793,0.9207673060883792,1.2780656985003607,0.0020000000000000018,0.0020000000000000018,-0.0020000000000000018,-0.0020000000000000018,1,,,,,,,,,,,,,,,,
homoskedastic,mlp,absolute residual,0.9153333333333333,0.01533333333333331,0.9393067088294244,0.9393067088294246,0.4696533544147123,0.01533333333333331,0.01533333333333331,0.01533333333333331,0.01533333333333331,2,,,,,,,,,,,,,,,,
homoskedastic,mlp,locally normalized residual,0.9193333333333333,0.019333333333333313,0.9750422658696434,0.9710434739755004,2.4256836502156407,0.019333333333333313,0.019333333333333313,0.019333333333333313,0.019333333333333313,2,,,,,,,,,,,,,,,,
homoskedastic,mlp,stabilized normalized residual,0.9173333333333333,0.01733333333333331,0.9641234711113614,0.960284108211777,2.1820590787401914,0.01733333333333331,0.01733333333333331,0.01733333333333331,0.01733333333333331,2,,,,,,,,,,,,,,,,
homoskedastic,mlp,blended normalized residual gamma=0.25,0.9173333333333333,0.01733333333333331,0.9540626664443529,0.951140103428428,2.214674788111167,0.01733333333333331,0.01733333333333331,0.01733333333333331,0.01733333333333331,2,,,,,,,,,,,,,,,,
homoskedastic,mlp,blended normalized residual gamma=0.50,0.918,0.018000000000000016,0.9461811738594607,0.9441980261426289,2.254199768645883,0.018000000000000016,0.018000000000000016,0.018000000000000016,0.018000000000000016,2,,,,,,,,,,,,,,,,
homoskedastic,mlp,blended normalized residual gamma=0.75,0.92,0.020000000000000018,0.9443631816628354,0.9433467552762714,2.3106983972917194,0.020000000000000018,0.020000000000000018,0.020000000000000018,0.020000000000000018,2,,,,,,,,,,,,,,,,
homoskedastic,mlp,oracle local normalization,0.9153333333333333,0.01533333333333331,0.9393067088294244,0.9393067088294246,1.8786134176588491,0.01533333333333331,0.01533333333333331,0.01533333333333331,0.01533333333333331,2,,,,,,,,,,,,,,,,
homoskedastic,mlp,gmm density level set (1 comp),0.92,0.020000000000000018,0.9407839866555178,0.9407839866555179,1.3835332414277006,0.020000000000000018,0.020000000000000018,0.020000000000000018,0.020000000000000018,2,,,,,,,,,,,,,,,,
homoskedastic,cqr_gbrt,absolute residual,0.8993333333333333,-0.0006666666666667043,0.844742643681448,0.8447426436814482,0.4223713218407241,0.0006666666666667043,0.0006666666666667043,-0.0006666666666667043,-0.0006666666666667043,0,,,,,,,,,,,,,,,,
homoskedastic,cqr_gbrt,conformalized quantile regression,0.9073333333333333,0.007333333333333303,0.888267932518339,0.8836467414233293,0.019142317029009925,0.007333333333333303,0.007333333333333303,0.007333333333333303,0.007333333333333303,0,,,,,,,,,,,,,,,,
homoskedastic,cqr_gbrt,absolute residual,0.896,-0.0040000000000000036,0.8378482436312328,0.8378482436312328,0.4189241218156164,0.0040000000000000036,0.0040000000000000036,-0.0040000000000000036,-0.0040000000000000036,1,,,,,,,,,,,,,,,,
homoskedastic,cqr_gbrt,conformalized quantile regression,0.9153333333333333,0.01533333333333331,0.8740779620985635,0.8740382801195128,0.0243276740873149,0.01533333333333331,0.01533333333333331,0.01533333333333331,0.01533333333333331,1,,,,,,,,,,,,,,,,
homoskedastic,cqr_gbrt,absolute residual,0.9006666666666666,0.0006666666666665932,0.8335225959471994,0.8335225959471992,0.4167612979735996,0.0006666666666665932,0.0006666666666665932,0.0006666666666665932,0.0006666666666665932,2,,,,,,,,,,,,,,,,
homoskedastic,cqr_gbrt,conformalized quantile regression,0.89,-0.010000000000000009,0.8676613490328514,0.8784427917035398,0.014040176738690697,0.010000000000000009,0.010000000000000009,-0.010000000000000009,-0.010000000000000009,2,,,,,,,,,,,,,,,,
heteroskedastic,rf,absolute residual,0.9026666666666666,0.002666666666666595,1.9666609942382607,1.9666609942382614,0.9833304971191307,0.2191489361702128,0.09422004778700648,-0.2191489361702128,0.09999999999999998,0,,,,,,,,,,,,,,,,
heteroskedastic,rf,locally normalized residual,0.904,0.0040000000000000036,1.8210879171135292,1.725072170077042,3.2510152676593553,0.04973262032085568,0.027606240755489814,-0.04973262032085568,0.030851063829787195,0,,,,,,,,,,,,,,,,
heteroskedastic,rf,stabilized normalized residual,0.9053333333333333,0.005333333333333301,1.726835430304253,1.6591687207932118,2.8384254281673424,0.07112299465240646,0.03199667197633406,-0.07112299465240646,0.06276595744680846,0,,,,,,,,,,,,,,,,
heteroskedastic,rf,blended normalized residual gamma=0.25,0.9093333333333333,0.009333333333333305,1.6915000676496663,1.6403324297697826,2.861781921164092,0.09468085106382973,0.051581522357492304,-0.08181818181818179,0.09468085106382973,0,,,,,,,,,,,,,,,,
heteroskedastic,rf,blended normalized residual gamma=0.50,0.9066666666666666,0.006666666666666599,1.7091437788261334,1.6736361702953475,2.9788857674762275,0.1127659574468085,0.07156744225736715,-0.1127659574468085,0.09999999999999998,0,,,,,,,,,,,,,,,,
heteroskedastic,rf,blended normalized residual gamma=0.75,0.9093333333333333,0.009333333333333305,1.793758436774625,1.7745459703293232,3.2236326365040022,0.1340425531914894,0.0795674991466606,-0.1340425531914894,0.09999999999999998,0,,,,,,,,,,,,,,,,
heteroskedastic,rf,oracle local normalization,0.8986666666666666,-0.0013333333333334085,1.691363871845244,1.6550698831459805,1.6997658227751264,0.028342245989304793,0.02000725338491295,-0.028342245989304793,0.025531914893616947,0,,,,,,,,,,,,,,,,
heteroskedastic,rf,gmm density level set (1 comp),0.9026666666666666,0.002666666666666595,1.9616346955795907,1.9616346955795905,3.1028938763183582,0.2191489361702128,0.09422004778700648,-0.2191489361702128,0.09999999999999998,0,,,,,,,,,,,,,,,,
heteroskedastic,rf,absolute residual,0.908,0.008000000000000007,1.9264093692456514,1.9264093692456516,0.9632046846228258,0.1606382978723404,0.090262686312436,-0.1606382978723404,0.09999999999999998,1,,,,,,,,,,,,,,,,
heteroskedastic,rf,locally normalized residual,0.8993333333333333,-0.0006666666666667043,1.737513033591591,1.6408484418560858,3.13955438015841,0.05508021390374329,0.01707674365684378,-0.05508021390374329,0.036170212765957444,1,,,,,,,,,,,,,,,,
heteroskedastic,rf,stabilized normalized residual,0.8986666666666666,-0.0013333333333334085,1.6711106872438322,1.5970875532937148,2.7754482646699965,0.09251336898395723,0.03215311753328022,-0.09251336898395723,0.057446808510638325,1,,,,,,,,,,,,,,,,
heteroskedastic,rf,blended normalized residual gamma=0.25,0.91,0.010000000000000009,1.666789670043935,1.6096571815177732,2.8561929705753966,0.10855614973262029,0.047083712595289554,-0.10855614973262029,0.09468085106382973,1,,,,,,,,,,,,,,,,
heteroskedastic,rf,blended normalized residual gamma=0.50,0.9093333333333333,0.009333333333333305,1.708747027135767,1.6684190923769013,3.0241382814092836,0.12459893048128345,0.0653409090909091,-0.12459893048128345,0.09999999999999998,1,,,,,,,,,,,,,,,,
heteroskedastic,rf,blended normalized residual gamma=0.75,0.9073333333333333,0.007333333333333303,1.7633174535844973,1.7418038385859131,3.2265548472906223,0.12994652406417118,0.0753249800887473,-0.12994652406417118,0.09999999999999998,1,,,,,,,,,,,,,,,,
heteroskedastic,rf,oracle local normalization,0.904,0.0040000000000000036,1.673683493757167,1.6614835910306107,1.6893193688501211,0.03903743315508024,0.02107108317214698,-0.03903743315508024,0.025531914893616947,1,,,,,,,,,,,,,,,,
heteroskedastic,rf,gmm density level set (1 comp),0.908,0.008000000000000007,1.9216013344453131,1.9216013344453131,3.091760691023367,0.1606382978723404,0.090262686312436,-0.1606382978723404,0.09999999999999998,1,,,,,,,,,,,,,,,,
heteroskedastic,rf,absolute residual,0.9106666666666666,0.010666666666666602,1.9584141820788152,1.958414182078815,0.9792070910394075,0.13936170212765964,0.07422701672545226,-0.13936170212765964,0.09999999999999998,2,,,,,,,,,,,,,,,,
heteroskedastic,rf,locally normalized residual,0.9053333333333333,0.005333333333333301,1.7152401946282934,1.6921641260526212,3.0822884914289594,0.030481283422459926,0.017340567755148487,-0.028342245989304793,0.030481283422459926,2,,,,,,,,,,,,,,,,
heteroskedastic,rf,stabilized normalized residual,0.9086666666666666,0.0086666666666666,1.6801128008805568,1.6673950458832956,2.7566277367353407,0.06276595744680846,0.025728894072135633,-0.03903743315508024,0.06276595744680846,2,,,,,,,,,,,,,,,,
heteroskedastic,rf,blended normalized residual gamma=0.25,0.9066666666666666,0.006666666666666599,1.6693561552853455,1.659677366481752,2.797225105608741,0.08936170212765959,0.042663414495391974,-0.05425531914893622,0.08936170212765959,2,,,,,,,,,,,,,,,,
heteroskedastic,rf,blended normalized residual gamma=0.50,0.9086666666666666,0.0086666666666666,1.7293309598563773,1.722501379066762,2.9606816358678856,0.09999999999999998,0.0593248663101604,-0.07553191489361699,0.09999999999999998,2,,,,,,,,,,,,,,,,
heteroskedastic,rf,blended normalized residual gamma=0.75,0.9106666666666666,0.010666666666666602,1.8285139479218118,1.824823114310771,3.200015822308235,0.1127659574468085,0.0706351689612015,-0.1127659574468085,0.09999999999999998,2,,,,,,,,,,,,,,,,
heteroskedastic,rf,oracle local normalization,0.908,0.008000000000000007,1.7089819477297572,1.7209120143671583,1.7090314456651485,0.036170212765957444,0.0170710547275003,-0.022994652406417182,0.036170212765957444,2,,,,,,,,,,,,,,,,
heteroskedastic,rf,gmm density level set (1 comp),0.9106666666666666,0.010666666666666602,1.9616346955795907,1.9616346955795905,3.118178361017751,0.13936170212765964,0.07422701672545226,-0.13936170212765964,0.09999999999999998,2,,,,,,,,,,,,,,,,
heteroskedastic,krr,absolute residual,0.914,0.014000000000000012,2.6126201614833096,2.612620161483309,1.3063100807416546,0.12872340425531914,0.08289196723176696,-0.12872340425531914,0.09999999999999998,0,,,,,,,,,,,,,,,,
heteroskedastic,krr,locally normalized residual,0.8873333333333333,-0.012666666666666715,100.63544272563195,74.73522352647163,2893.166525984651,0.06042780748663101,0.026534588690408478,-0.06042780748663101,0.04680851063829783,0,,,,,,,,,,,,,,,,
heteroskedastic,krr,stabilized normalized residual,0.896,-0.0040000000000000036,10.170588651319633,8.353082195383683,292.8864082905352,0.06577540106951874,0.030383149391284545,-0.06577540106951874,0.06276595744680846,0,,,,,,,,,,,,,,,,
heteroskedastic,krr,blended normalized residual gamma=0.25,0.9026666666666666,0.002666666666666595,4.23763456696379,3.6356900253900823,129.33571648549446,0.09786096256684496,0.04599286039367391,-0.09786096256684496,0.08404255319148934,0,,,,,,,,,,,,,,,,
heteroskedastic,krr,blended normalized residual gamma=0.50,0.912,0.01200000000000001,3.1513382721578065,2.833916505546573,102.30337375954498,0.1127659574468085,0.05690778245534189,-0.1127659574468085,0.09468085106382973,0,,,,,,,,,,,,,,,,
heteroskedastic,krr,blended normalized residual gamma=0.75,0.9073333333333333,0.007333333333333303,2.6928598590495474,2.5480198293820804,93.3623667249167,0.14468085106382977,0.07622880873819546,-0.14468085106382977,0.09468085106382973,0,,,,,,,,,,,,,,,,
heteroskedastic,krr,oracle local normalization,0.9233333333333333,0.023333333333333317,2.660738975872174,2.6036437334293754,2.6739563554583388,0.08085106382978724,0.05600537603822962,-0.08085106382978724,0.07340425531914896,0,,,,,,,,,,,,,,,,
heteroskedastic,krr,gmm density level set (1 comp),0.914,0.014000000000000012,2.615512927439454,2.615512927439454,653.742484841162,0.12872340425531914,0.08289196723176696,-0.12872340425531914,0.09999999999999998,0,,,,,,,,,,,,,,,,
heteroskedastic,krr,absolute residual,0.91,0.010000000000000009,2.5360050671400534,2.536005067140054,1.268002533570027,0.1352941176470589,0.07732819433382637,-0.1352941176470589,0.09999999999999998,1,,,,,,,,,,,,,,,,
heteroskedastic,krr,locally normalized residual,0.9093333333333333,0.009333333333333305,133.29528572702765,100.1343852663459,3577.7190773926236,0.04652406417112298,0.018681021731710087,-0.02765957446808509,0.04652406417112298,1,,,,,,,,,,,,,,,,
heteroskedastic,krr,stabilized normalized residual,0.908,0.008000000000000007,11.288588580174327,9.315955293847669,304.1725443826803,0.04148936170212769,0.0262657867789282,-0.03297872340425534,0.04148936170212769,1,,,,,,,,,,,,,,,,
heteroskedastic,krr,blended normalized residual gamma=0.25,0.902,0.0020000000000000018,4.537553098926287,3.8965604515567156,131.7848352470084,0.07553191489361699,0.03892721014904994,-0.07553191489361699,0.06276595744680846,1,,,,,,,,,,,,,,,,
heteroskedastic,krr,blended normalized residual gamma=0.50,0.9053333333333333,0.005333333333333301,3.1679936271669504,2.8444531123223795,99.77743181492569,0.10212765957446812,0.05426243031061556,-0.10212765957446812,0.07340425531914896,1,,,,,,,,,,,,,,,,
heteroskedastic,krr,blended normalized residual gamma=0.75,0.91,0.010000000000000009,2.695503641230852,2.5451665857218213,92.72560694610466,0.11808510638297876,0.06424650130845375,-0.11808510638297876,0.09999999999999998,1,,,,,,,,,,,,,,,,
heteroskedastic,krr,oracle local normalization,0.9033333333333333,0.0033333333333332993,2.6355688962753714,2.6163575673212236,2.6601908909444645,0.1712765957446809,0.06422161224257594,-0.1712765957446809,0.08404255319148934,1,,,,,,,,,,,,,,,,
heteroskedastic,krr,gmm density level set (1 comp),0.91,0.010000000000000009,2.5354462051708992,2.5354462051708992,572.0884413626247,0.1352941176470589,0.07732819433382637,-0.1352941176470589,0.09999999999999998,1,,,,,,,,,,,,,,,,
heteroskedastic,krr,absolute residual,0.91,0.010000000000000009,2.588988324091812,2.5889883240918126,1.2944941620459063,0.1712765957446809,0.07889193878712025,-0.1712765957446809,0.09999999999999998,2,,,,,,,,,,,,,,,,
heteroskedastic,krr,locally normalized residual,0.898,-0.0020000000000000018,112.36954976078587,82.04841436877278,3212.5792479762526,0.03903743315508024,0.019739873705768574,-0.03903743315508024,0.036170212765957444,2,,,,,,,,,,,,,,,,
heteroskedastic,krr,stabilized normalized residual,0.894,-0.006000000000000005,9.999045824458344,7.915192850793236,281.16827084107894,0.05212765957446808,0.023736346569575614,-0.03903743315508024,0.05212765957446808,2,,,,,,,,,,,,,,,,
heteroskedastic,krr,blended normalized residual gamma=0.25,0.9006666666666666,0.0006666666666665932,4.321742976720791,3.5981748288968696,130.17195072805498,0.08936170212765959,0.03395224143816135,-0.07553191489361699,0.08936170212765959,2,,,,,,,,,,,,,,,,
heteroskedastic,krr,blended normalized residual gamma=0.50,0.9066666666666666,0.006666666666666599,3.1824027468705585,2.7999838862749677,103.19734753797245,0.123404255319149,0.05420554101718056,-0.123404255319149,0.09999999999999998,2,,,,,,,,,,,,,,,,
heteroskedastic,krr,blended normalized residual gamma=0.75,0.9086666666666666,0.0086666666666666,2.659640006625123,2.486583559289568,93.40002902346424,0.14468085106382977,0.06688474229150072,-0.14468085106382977,0.09999999999999998,2,,,,,,,,,,,,,,,,
heteroskedastic,krr,oracle local normalization,0.8886666666666667,-0.011333333333333306,2.525302727199359,2.5429313685405512,2.525375868563667,0.16595744680851066,0.05262615200819207,-0.16595744680851066,0.057446808510638325,2,,,,,,,,,,,,,,,,
heteroskedastic,krr,gmm density level set (1 comp),0.91,0.010000000000000009,2.5888240200166024,2.5888240200166024,694.6806100860756,0.1712765957446809,0.07889193878712025,-0.1712765957446809,0.09999999999999998,2,,,,,,,,,,,,,,,,
heteroskedastic,mlp,absolute residual,0.8966666666666666,-0.0033333333333334103,2.0560828710070065,2.056082871007007,1.0280414355035035,0.20319148936170217,0.10289922061667994,-0.20319148936170217,0.09999999999999998,0,,,,,,,,,,,,,,,,
heteroskedastic,mlp,locally normalized residual,0.902,0.0020000000000000018,1.8343332421051017,1.6690608334618977,2.1877099890741123,0.06276595744680846,0.02250256001820458,-0.03829787234042559,0.06276595744680846,0,,,,,,,,,,,,,,,,
heteroskedastic,mlp,stabilized normalized residual,0.906,0.006000000000000005,1.8130385701417715,1.6672861761680287,1.981109189950909,0.09468085106382973,0.03436042211855729,-0.043617021276595724,0.09468085106382973,0,,,,,,,,,,,,,,,,
heteroskedastic,mlp,blended normalized residual gamma=0.25,0.9073333333333333,0.007333333333333303,1.7912577002618935,1.6793275394540725,2.0285166659561447,0.09999999999999998,0.0535619808851974,-0.07112299465240646,0.09999999999999998,0,,,,,,,,,,,,,,,,
heteroskedastic,mlp,blended normalized residual gamma=0.50,0.902,0.0020000000000000018,1.8419633698292395,1.762334031260405,2.1646905430157015,0.10212765957446812,0.06956209466378427,-0.10212765957446812,0.09999999999999998,0,,,,,,,,,,,,,,,,
heteroskedastic,mlp,blended normalized residual gamma=0.75,0.902,0.0020000000000000018,1.9376986464053008,1.8941713049892002,2.366545447180857,0.123404255319149,0.08024305950620093,-0.123404255319149,0.09999999999999998,0,,,,,,,,,,,,,,,,
heteroskedastic,mlp,oracle local normalization,0.912,0.01200000000000001,1.8536966687206407,1.8139192754190974,1.86290501750279,0.04117647058823526,0.02200335646831264,-0.02765957446808509,0.04117647058823526,0,,,,,,,,,,,,,,,,
heteroskedastic,mlp,gmm density level set (1 comp),0.8946666666666667,-0.005333333333333301,2.055045871559571,2.055045871559571,2.0951420165728245,0.2085106382978723,0.10356055865286153,-0.2085106382978723,0.09999999999999998,0,,,,,,,,,,,,,,,,
heteroskedastic,mlp,absolute residual,0.8906666666666667,-0.009333333333333305,1.9491851098729451,1.949185109872945,0.9745925549364725,0.2085106382978723,0.09863536807372851,-0.2085106382978723,0.09999999999999998,1,,,,,,,,,,,,,,,,
heteroskedastic,mlp,locally normalized residual,0.8946666666666667,-0.005333333333333301,1.8053463392107953,1.6569282530193936,2.2294566321538327,0.04680851063829783,0.024411906929115962,-0.04438502673796796,0.04680851063829783,1,,,,,,,,,,,,,,,,
heteroskedastic,mlp,stabilized normalized residual,0.8886666666666667,-0.011333333333333306,1.7469360450086981,1.6215173253792008,1.9831770869109455,0.07340425531914896,0.04133576060985325,-0.06577540106951874,0.07340425531914896,1,,,,,,,,,,,,,,,,
heteroskedastic,mlp,blended normalized residual gamma=0.25,0.9053333333333333,0.005333333333333301,1.779018352725161,1.6793663926179847,2.100988693810437,0.09999999999999998,0.05333371259528957,-0.07647058823529418,0.09999999999999998,1,,,,,,,,,,,,,,,,
heteroskedastic,mlp,blended normalized residual gamma=0.50,0.8986666666666666,-0.0013333333333334085,1.7753555490091384,1.7062736575509718,2.1847077480144246,0.10855614973262029,0.07332674365684377,-0.10855614973262029,0.09999999999999998,1,,,,,,,,,,,,,,,,
heteroskedastic,mlp,blended normalized residual gamma=0.75,0.89,-0.010000000000000009,1.8321525784828956,1.7949441138529245,2.3534277725456754,0.15133689839572195,0.08597750028444646,-0.15133689839572195,0.09999999999999998,1,,,,,,,,,,,,,,,,
heteroskedastic,mlp,oracle local normalization,0.892,-0.008000000000000007,1.836024412046755,1.8226411652655672,1.8531769074148807,0.10744680851063837,0.025301513255205355,-0.10744680851063837,0.03582887700534754,1,,,,,,,,,,,,,,,,
heteroskedastic,mlp,gmm density level set (1 comp),0.8893333333333333,-0.010666666666666713,1.948290241868165,1.9482902418681647,1.9616778570599382,0.20319148936170217,0.101302053703493,-0.20319148936170217,0.09999999999999998,1,,,,,,,,,,,,,,,,
heteroskedastic,mlp,absolute residual,0.8986666666666666,-0.0013333333333334085,1.9589027166667032,1.9589027166667035,0.9794513583333517,0.22446808510638305,0.08661394925475026,-0.22446808510638305,0.09999999999999998,2,,,,,,,,,,,,,,,,
heteroskedastic,mlp,locally normalized residual,0.9146666666666666,0.014666666666666606,1.8158512212006863,1.7110678167001738,2.3344494461814755,0.08404255319148934,0.029064028899761077,-0.033689839572192515,0.08404255319148934,2,,,,,,,,,,,,,,,,
heteroskedastic,mlp,stabilized normalized residual,0.9146666666666666,0.014666666666666606,1.7923320486679961,1.7010958380690913,2.1065493545067646,0.09468085106382973,0.037330043235863,-0.033689839572192515,0.09468085106382973,2,,,,,,,,,,,,,,,,
heteroskedastic,mlp,blended normalized residual gamma=0.25,0.912,0.01200000000000001,1.7856304936432352,1.715284579004367,2.1656188203045756,0.09468085106382973,0.05333371259528956,-0.0648936170212766,0.09468085106382973,2,,,,,,,,,,,,,,,,
heteroskedastic,mlp,blended normalized residual gamma=0.50,0.9066666666666666,0.006666666666666599,1.8056821432541044,1.7566956072923583,2.2620964863040154,0.12872340425531914,0.06797559449311638,-0.12872340425531914,0.09999999999999998,2,,,,,,,,,,,,,,,,
heteroskedastic,mlp,blended normalized residual gamma=0.75,0.8933333333333333,-0.00666666666666671,1.8410360888052497,1.8152123625704584,2.384972083946361,0.20319148936170217,0.0826245875526226,-0.20319148936170217,0.09999999999999998,2,,,,,,,,,,,,,,,,
heteroskedastic,mlp,oracle local normalization,0.9093333333333333,0.009333333333333305,1.8275308610417997,1.8402884943117703,1.8275837925573175,0.05957446808510636,0.025989162589600615,-0.05957446808510636,0.0518716577540107,2,,,,,,,,,,,,,,,,
heteroskedastic,mlp,gmm density level set (1 comp),0.9013333333333333,0.0013333333333332975,1.9749791492910163,1.9749791492910163,2.0796100666576933,0.21382978723404256,0.08527349527818863,-0.21382978723404256,0.09999999999999998,2,,,,,,,,,,,,,,,,
heteroskedastic,cqr_gbrt,absolute residual,0.8906666666666667,-0.009333333333333305,1.8928647936009295,1.8928647936009302,0.9464323968004651,0.25106382978723407,0.1022023267721015,-0.25106382978723407,0.09999999999999998,0,,,,,,,,,,,,,,,,
heteroskedastic,cqr_gbrt,conformalized quantile regression,0.896,-0.0040000000000000036,1.6835697008433639,1.5803335805884866,0.017798419369785545,0.07021276595744685,0.02119481738536806,-0.07021276595744685,0.04652406417112298,0,,,,,,,,,,,,,,,,
heteroskedastic,cqr_gbrt,absolute residual,0.904,0.0040000000000000036,1.9034728880583667,1.9034728880583667,0.9517364440291833,0.167379679144385,0.0849399817954261,-0.167379679144385,0.09999999999999998,1,,,,,,,,,,,,,,,,
heteroskedastic,cqr_gbrt,conformalized quantile regression,0.9133333333333333,0.013333333333333308,1.7020364931078742,1.6304680892688,0.05263073986595268,0.06791443850267376,0.0370676413698942,-0.04973262032085568,0.06791443850267376,1,,,,,,,,,,,,,,,,
heteroskedastic,cqr_gbrt,absolute residual,0.9153333333333333,0.01533333333333331,1.916897950683314,1.9168979506833141,0.9584489753416571,0.1606382978723404,0.07756215155307769,-0.1606382978723404,0.09999999999999998,2,,,,,,,,,,,,,,,,
heteroskedastic,cqr_gbrt,conformalized quantile regression,0.8993333333333333,-0.0006666666666667043,1.704987956137963,1.6594628790085113,0.03349864879988512,0.03582887700534754,0.018410086471726025,-0.028342245989304793,0.03582887700534754,2,,,,,,,,,,,,,,,,
heavy_tail,rf,absolute residual,0.8986666666666666,-0.0013333333333334085,1.3383971503056737,1.3383971503056735,0.6691985751528368,0.09468085106382973,0.049287461599726926,-0.08617021276595749,0.09468085106382973,0,,,,,,,,,,,,,,,,
heavy_tail,rf,locally normalized residual,0.8866666666666667,-0.013333333333333308,1.3393786506826117,1.248429240442111,3.083847512899199,0.03903743315508024,0.020248321765843666,-0.03903743315508024,0.014893617021276562,0,,,,,,,,,,,,,,,,
heavy_tail,rf,stabilized normalized residual,0.892,-0.008000000000000007,1.3118671575476986,1.2366864403581812,2.7771639102039245,0.03903743315508024,0.02131926271475708,-0.03903743315508024,0.019786096256684482,0,,,,,,,,,,,,,,,,
heavy_tail,rf,blended normalized residual gamma=0.25,0.898,-0.0020000000000000018,1.3066296931836974,1.2483853028757355,2.868718199417163,0.05212765957446808,0.026920013653430414,-0.04438502673796796,0.05212765957446808,0,,,,,,,,,,,,,,,,
heavy_tail,rf,blended normalized residual gamma=0.50,0.9026666666666666,0.002666666666666595,1.3181197420253432,1.2774391453556393,3.0054697305392812,0.057446808510638325,0.024251905791330075,-0.03829787234042559,0.057446808510638325,0,,,,,,,,,,,,,,,,
heavy_tail,rf,blended normalized residual gamma=0.75,0.9,0.0,1.309531056384417,1.288513324513675,3.105566885116398,0.06808510638297871,0.03330868130617817,-0.05425531914893622,0.06808510638297871,0,,,,,,,,,,,,,,,,
heavy_tail,rf,oracle local normalization,0.8893333333333333,-0.010666666666666713,1.2673209284968034,1.2484643425923359,1.4129846358953702,0.04893617021276597,0.026904369097735803,-0.04893617021276597,0.04148936170212769,0,,,,,,,,,,,,,,,,
heavy_tail,rf,gmm density level set (1 comp),0.8986666666666666,-0.0013333333333334085,1.3344453711425786,1.3344453711425786,1.665935637137454,0.09468085106382973,0.049287461599726926,-0.08617021276595749,0.09468085106382973,0,,,,,,,,,,,,,,,,
heavy_tail,rf,absolute residual,0.904,0.0040000000000000036,1.306251591705845,1.3062515917058453,0.6531257958529226,0.08404255319148934,0.043986090567755154,-0.07112299465240646,0.08404255319148934,1,,,,,,,,,,,,,,,,
heavy_tail,rf,locally normalized residual,0.9073333333333333,0.007333333333333303,1.372791754809344,1.2763569750300734,3.285220734386025,0.06276595744680846,0.02878242689725792,-0.06042780748663101,0.06276595744680846,1,,,,,,,,,,,,,,,,
heavy_tail,rf,stabilized normalized residual,0.9073333333333333,0.007333333333333303,1.3200043031092252,1.266342340495684,2.9610639563692787,0.06276595744680846,0.024782398452611223,-0.04438502673796796,0.06276595744680846,1,,,,,,,,,,,,,,,,
heavy_tail,rf,blended normalized residual gamma=0.25,0.9053333333333333,0.005333333333333301,1.2800768635286623,1.2398221859629293,2.9616676694832913,0.06808510638297871,0.01891924564796904,-0.028342245989304793,0.06808510638297871,1,,,,,,,,,,,,,,,,
heavy_tail,rf,blended normalized residual gamma=0.50,0.9026666666666666,0.002666666666666595,1.267315370633705,1.2398851034982714,3.027201070272332,0.08404255319148934,0.024387017863238145,-0.04973262032085568,0.08404255319148934,1,,,,,,,,,,,,,,,,
heavy_tail,rf,blended normalized residual gamma=0.75,0.904,0.0040000000000000036,1.2761076775822149,1.261834664940741,3.150336008829178,0.08404255319148934,0.03304627944020935,-0.04973262032085568,0.08404255319148934,1,,,,,,,,,,,,,,,,
heavy_tail,rf,oracle local normalization,0.9026666666666666,0.002666666666666595,1.2894245893545948,1.2829161248968712,1.4419623259417833,0.036170212765957444,0.01865613266583227,-0.028342245989304793,0.036170212765957444,1,,,,,,,,,,,,,,,,
heavy_tail,rf,gmm density level set (1 comp),0.9046666666666666,0.004666666666666597,1.3144286905754397,1.3144286905754399,1.6188747057881425,0.08404255319148934,0.04332119695073387,-0.07112299465240646,0.08404255319148934,1,,,,,,,,,,,,,,,,
heavy_tail,rf,absolute residual,0.9073333333333333,0.007333333333333303,1.3418426986817713,1.3418426986817713,0.6709213493408857,0.1127659574468085,0.057959523267721025,-0.1127659574468085,0.09465240641711226,2,,,,,,,,,,,,,,,,
heavy_tail,rf,locally normalized residual,0.9126666666666666,0.012666666666666604,1.3644544683486335,1.2529994013204904,3.3091657319157703,0.03582887700534754,0.020381300489247897,-0.022340425531914954,0.03582887700534754,2,,,,,,,,,,,,,,,,
heavy_tail,rf,stabilized normalized residual,0.912,0.01200000000000001,1.3333895255996653,1.2436724882303647,2.980772523024922,0.04117647058823526,0.016797986119012384,-0.012299465240641738,0.04117647058823526,2,,,,,,,,,,,,,,,,
heavy_tail,rf,blended normalized residual gamma=0.25,0.914,0.014000000000000012,1.2969186351902764,1.2291431475906522,3.0023775059207036,0.06256684491978604,0.02706223688701785,-0.022994652406417182,0.06256684491978604,2,,,,,,,,,,,,,,,,
heavy_tail,rf,blended normalized residual gamma=0.50,0.9106666666666666,0.010666666666666602,1.2808524967310562,1.234582605655209,3.0745558258800796,0.07340425531914896,0.03598247809762202,-0.04893617021276597,0.07340425531914896,2,,,,,,,,,,,,,,,,
heavy_tail,rf,blended normalized residual gamma=0.75,0.9106666666666666,0.010666666666666602,1.3104881139976372,1.2859113660865154,3.266166473029343,0.08404255319148934,0.04663855387416088,-0.07553191489361699,0.08404255319148934,2,,,,,,,,,,,,,,,,
heavy_tail,rf,oracle local normalization,0.8973333333333333,-0.002666666666666706,1.2689282274532765,1.2750796578898211,1.4099486108711146,0.0648936170212766,0.01863835476163385,-0.0648936170212766,0.02021276595744681,2,,,,,,,,,,,,,,,,
heavy_tail,rf,gmm density level set (1 comp),0.9073333333333333,0.007333333333333303,1.3477898248540043,1.3477898248540043,1.932192954165359,0.1127659574468085,0.057959523267721025,-0.1127659574468085,0.09465240641711226,2,,,,,,,,,,,,,,,,
heavy_tail,krr,absolute residual,0.89,-0.010000000000000009,1.9458722117168605,1.9458722117168603,0.9729361058584302,0.12872340425531914,0.06020025031289111,-0.12872340425531914,0.09999999999999998,0,,,,,,,,,,,,,,,,
heavy_tail,krr,locally normalized residual,0.8933333333333333,-0.00666666666666671,60.27586567154185,46.71591481509572,2050.9162678558555,0.03297872340425534,0.01664936283991353,-0.03297872340425534,0.025531914893616947,0,,,,,,,,,,,,,,,,
heavy_tail,krr,stabilized normalized residual,0.8966666666666666,-0.0033333333333334103,7.3852070098039695,6.1169266083210525,244.23503658815198,0.04148936170212769,0.020640146774377047,-0.03829787234042559,0.04148936170212769,0,,,,,,,,,,,,,,,,
heavy_tail,krr,blended normalized residual gamma=0.25,0.9033333333333333,0.0033333333333332993,3.4473823124072416,2.9737316030579226,121.61569128580241,0.05212765957446808,0.03224271817044032,-0.04893617021276597,0.05212765957446808,0,,,,,,,,,,,,,,,,
heavy_tail,krr,blended normalized residual gamma=0.50,0.908,0.008000000000000007,2.4792792660503262,2.2359490504439536,93.71707398795738,0.08404255319148934,0.05157085561497324,-0.07553191489361699,0.08404255319148934,0,,,,,,,,,,,,,,,,
heavy_tail,krr,blended normalized residual gamma=0.75,0.8986666666666666,-0.0013333333333334085,2.0698370136700417,1.9604424061423373,84.2652648131623,0.10212765957446812,0.05954957901922857,-0.10212765957446812,0.09999999999999998,0,,,,,,,,,,,,,,,,
heavy_tail,krr,oracle local normalization,0.9053333333333333,0.005333333333333301,2.0652939257705114,2.034564225460536,2.3026752893469054,0.04680851063829783,0.02520195699169417,-0.028342245989304793,0.04680851063829783,0,,,,,,,,,,,,,,,,
heavy_tail,krr,gmm density level set (1 comp),0.89,-0.010000000000000009,1.948290241868165,1.9482902418681647,581.9696904985303,0.12872340425531914,0.06020025031289111,-0.12872340425531914,0.09999999999999998,0,,,,,,,,,,,,,,,,
heavy_tail,krr,absolute residual,0.912,0.01200000000000001,2.005621519801181,2.0056215198011804,1.0028107599005902,0.1127659574468085,0.04488280805552394,-0.1127659574468085,0.08936170212765959,1,,,,,,,,,,,,,,,,
heavy_tail,krr,locally normalized residual,0.8933333333333333,-0.00666666666666671,73.51402283723,52.45087828425094,2527.082488706447,0.04893617021276597,0.023057230629195596,-0.04893617021276597,0.025133689839572204,1,,,,,,,,,,,,,,,,
heavy_tail,krr,stabilized normalized residual,0.9006666666666666,0.0006666666666665932,8.115273822257226,6.446310645397123,280.91332685058006,0.04893617021276597,0.023317499146660606,-0.04893617021276597,0.04148936170212769,1,,,,,,,,,,,,,,,,
heavy_tail,krr,blended normalized residual gamma=0.25,0.89,-0.010000000000000009,3.3057790029675216,2.7631714311502913,121.7727670982399,0.08085106382978724,0.028633092501991114,-0.08085106382978724,0.05212765957446808,1,,,,,,,,,,,,,,,,
heavy_tail,krr,blended normalized residual gamma=0.50,0.8913333333333333,-0.008666666666666711,2.385496898850756,2.1065649091826755,93.89747391566326,0.09680851063829787,0.03664381613380362,-0.09680851063829787,0.06808510638297871,1,,,,,,,,,,,,,,,,
heavy_tail,krr,blended normalized residual gamma=0.75,0.9086666666666666,0.0086666666666666,2.146440614588357,2.011714056420324,90.70658045628736,0.09148936170212774,0.0457077028103311,-0.09148936170212774,0.08404255319148934,1,,,,,,,,,,,,,,,,
heavy_tail,krr,oracle local normalization,0.906,0.006000000000000005,2.0419152502952485,2.031608534460954,2.2834719362421185,0.04117647058823526,0.026001962680623505,-0.033689839572192515,0.04117647058823526,1,,,,,,,,,,,,,,,,
heavy_tail,krr,gmm density level set (1 comp),0.912,0.01200000000000001,2.001668056713868,2.001668056713868,498.49866215897976,0.1127659574468085,0.04488280805552394,-0.1127659574468085,0.08936170212765959,1,,,,,,,,,,,,,,,,
heavy_tail,krr,absolute residual,0.906,0.006000000000000005,2.035886251744028,2.035886251744027,1.0179431258720135,0.09680851063829787,0.0539594948230743,-0.09680851063829787,0.08936170212765959,2,,,,,,,,,,,,,,,,
heavy_tail,krr,locally normalized residual,0.9033333333333333,0.0033333333333332993,71.21484474729023,51.75896019816061,2334.4093383828267,0.03582887700534754,0.019203692115143917,-0.022340425531914954,0.03582887700534754,2,,,,,,,,,,,,,,,,
heavy_tail,krr,stabilized normalized residual,0.904,0.0040000000000000036,7.396876474182969,5.950583219254961,243.59528741557477,0.05212765957446808,0.02931576402321083,-0.043617021276595724,0.05212765957446808,2,,,,,,,,,,,,,,,,
heavy_tail,krr,blended normalized residual gamma=0.25,0.902,0.0020000000000000018,3.1600916327584065,2.664851137880849,111.21603476424994,0.06276595744680846,0.03623563545340763,-0.05957446808510636,0.06276595744680846,2,,,,,,,,,,,,,,,,
heavy_tail,krr,blended normalized residual gamma=0.50,0.9006666666666666,0.0006666666666665932,2.3349610345308625,2.073018885547425,88.23642487505073,0.09148936170212774,0.0415512288087382,-0.09148936170212774,0.07340425531914896,2,,,,,,,,,,,,,,,,
heavy_tail,krr,blended normalized residual gamma=0.75,0.91,0.010000000000000009,2.085574029198041,1.9592778886365827,85.08687862497915,0.0787234042553191,0.044636761861417684,-0.07553191489361699,0.0787234042553191,2,,,,,,,,,,,,,,,,
heavy_tail,krr,oracle local normalization,0.9146666666666666,0.014666666666666606,2.072401645963273,2.0824481042939462,2.302714809770846,0.04652406417112298,0.021996245306633272,-0.017021276595744705,0.04652406417112298,2,,,,,,,,,,,,,,,,
heavy_tail,krr,gmm density level set (1 comp),0.906,0.006000000000000005,2.041701417848145,2.041701417848145,514.9671356366928,0.09680851063829787,0.0539594948230743,-0.09680851063829787,0.08936170212765959,2,,,,,,,,,,,,,,,,
heavy_tail,mlp,absolute residual,0.9053333333333333,0.005333333333333301,1.4192553671636023,1.4192553671636028,0.7096276835818014,0.08936170212765959,0.05023040163841165,-0.08085106382978724,0.08936170212765959,0,,,,,,,,,,,,,,,,
heavy_tail,mlp,locally normalized residual,0.9113333333333333,0.011333333333333306,1.4712898849170148,1.3954828055773014,2.796330477190563,0.05212765957446808,0.0273246387529867,-0.022994652406417182,0.05212765957446808,0,,,,,,,,,,,,,,,,
heavy_tail,mlp,stabilized normalized residual,0.912,0.01200000000000001,1.419312631737575,1.358558929124913,2.4735845626679764,0.057446808510638325,0.027592018432131077,-0.028342245989304793,0.057446808510638325,0,,,,,,,,,,,,,,,,
heavy_tail,mlp,blended normalized residual gamma=0.25,0.9066666666666666,0.006666666666666599,1.382712894664565,1.3368864648661472,2.487761665803473,0.07340425531914896,0.027850864717260226,-0.043617021276595724,0.07340425531914896,0,,,,,,,,,,,,,,,,
heavy_tail,mlp,blended normalized residual gamma=0.50,0.906,0.006000000000000005,1.3795303773667091,1.3480306427171378,2.5650208631425104,0.07340425531914896,0.028239134144953923,-0.043617021276595724,0.07340425531914896,0,,,,,,,,,,,,,,,,
heavy_tail,mlp,blended normalized residual gamma=0.75,0.9086666666666666,0.0086666666666666,1.3879831856691223,1.3715886749223483,2.670007387320122,0.08404255319148934,0.03664026055296393,-0.04893617021276597,0.08404255319148934,0,,,,,,,,,,,,,,,,
heavy_tail,mlp,oracle local normalization,0.9126666666666666,0.012666666666666604,1.3976209887046807,1.3768256560917678,1.5582611629297272,0.04148936170212769,0.02293420753214244,-0.022340425531914954,0.04148936170212769,0,,,,,,,,,,,,,,,,
heavy_tail,mlp,gmm density level set (1 comp),0.9053333333333333,0.005333333333333301,1.4145120934111335,1.4145120934111333,1.4504065041816636,0.08936170212765959,0.05023040163841165,-0.08085106382978724,0.08936170212765959,0,,,,,,,,,,,,,,,,
heavy_tail,mlp,absolute residual,0.8993333333333333,-0.0006666666666667043,1.4337083845189418,1.4337083845189416,0.7168541922594708,0.123404255319149,0.06331067243144842,-0.123404255319149,0.08936170212765959,1,,,,,,,,,,,,,,,,
heavy_tail,mlp,locally normalized residual,0.9113333333333333,0.011333333333333306,1.4160850438171293,1.3412911523013853,2.577453691736219,0.04148936170212769,0.01998378655137102,-0.022994652406417182,0.04148936170212769,1,,,,,,,,,,,,,,,,
heavy_tail,mlp,stabilized normalized residual,0.9093333333333333,0.009333333333333305,1.3802785679828187,1.3149868114171896,2.2968778109096895,0.057446808510638325,0.013713164182500848,-0.006951871657754016,0.057446808510638325,1,,,,,,,,,,,,,,,,
heavy_tail,mlp,blended normalized residual gamma=0.25,0.9073333333333333,0.007333333333333303,1.3646718553143118,1.3145948837397101,2.3488556779066605,0.07340425531914896,0.020374189327568543,-0.02765957446808509,0.07340425531914896,1,,,,,,,,,,,,,,,,
heavy_tail,mlp,blended normalized residual gamma=0.50,0.9046666666666666,0.004666666666666597,1.368783873159864,1.3341084014277669,2.4396746478775815,0.07340425531914896,0.03797715894868588,-0.07021276595744685,0.07340425531914896,1,,,,,,,,,,,,,,,,
heavy_tail,mlp,blended normalized residual gamma=0.75,0.8986666666666666,-0.0013333333333334085,1.3807384588195017,1.3626047385654454,2.5516813681629262,0.10212765957446812,0.05197903629536922,-0.10212765957446812,0.0787234042553191,1,,,,,,,,,,,,,,,,
heavy_tail,mlp,oracle local normalization,0.91,0.010000000000000009,1.3914813746553094,1.3844577711461956,1.5560923345714617,0.03582887700534754,0.020133120946637828,-0.022994652406417182,0.03582887700534754,1,,,,,,,,,,,,,,,,
heavy_tail,mlp,gmm density level set (1 comp),0.8946666666666667,-0.005333333333333301,1.3944954128439944,1.3944954128439946,1.3637703214453865,0.13936170212765964,0.06263511207190807,-0.13936170212765964,0.08404255319148934,1,,,,,,,,,,,,,,,,
heavy_tail,mlp,absolute residual,0.9013333333333333,0.0013333333333332975,1.4558191171030017,1.4558191171030017,0.7279095585515009,0.24574468085106382,0.07432657298896347,-0.24574468085106382,0.09999999999999998,2,,,,,,,,,,,,,,,,
heavy_tail,mlp,locally normalized residual,0.8906666666666667,-0.009333333333333305,1.4346178528500766,1.3413483603078373,2.361588313952872,0.05957446808510636,0.022907896233928776,-0.05957446808510636,0.036170212765957444,2,,,,,,,,,,,,,,,,
heavy_tail,mlp,stabilized normalized residual,0.894,-0.006000000000000005,1.3920880954261141,1.3143697375717478,2.1041993577825058,0.09148936170212774,0.02864020366367051,-0.09148936170212774,0.030851063829787195,2,,,,,,,,,,,,,,,,
heavy_tail,mlp,blended normalized residual gamma=0.25,0.8993333333333333,-0.0006666666666667043,1.3712098800083619,1.3116569562732192,2.149834819590916,0.10744680851063837,0.03542780748663103,-0.10744680851063837,0.057446808510638325,2,,,,,,,,,,,,,,,,
heavy_tail,mlp,blended normalized residual gamma=0.50,0.9106666666666666,0.010666666666666602,1.3853807513900478,1.3437167594413104,2.256078165353648,0.123404255319149,0.046347707361474574,-0.123404255319149,0.0787234042553191,2,,,,,,,,,,,,,,,,
heavy_tail,mlp,blended normalized residual gamma=0.75,0.902,0.0020000000000000018,1.3816505826503496,1.3600386198284786,2.3405475640859383,0.19255319148936167,0.05900201956991692,-0.19255319148936167,0.09465240641711226,2,,,,,,,,,,,,,,,,
heavy_tail,mlp,oracle local normalization,0.898,-0.0020000000000000018,1.3662883293187678,1.3729117359325018,1.518128677646857,0.08617021276595749,0.02823913414495391,-0.08617021276595749,0.04117647058823526,2,,,,,,,,,,,,,,,,
heavy_tail,mlp,gmm density level set (1 comp),0.9006666666666666,0.0006666666666665932,1.4545454545454104,1.4545454545454106,1.4196117842151175,0.2404255319148937,0.07232833655705996,-0.2404255319148937,0.09999999999999998,2,,,,,,,,,,,,,,,,
heavy_tail,cqr_gbrt,absolute residual,0.9,0.0,1.3135857919159697,1.31358579191597,0.656792895957985,0.08936170212765959,0.050216179315052914,-0.08617021276595749,0.08936170212765959,0,,,,,,,,,,,,,,,,
heavy_tail,cqr_gbrt,conformalized quantile regression,0.8986666666666666,-0.0013333333333334085,1.3664279679113942,1.2701254120697314,0.025765155534191342,0.06577540106951874,0.026681078621003537,-0.06577540106951874,0.030851063829787195,0,,,,,,,,,,,,,,,,
heavy_tail,cqr_gbrt,absolute residual,0.902,0.0020000000000000018,1.287718254910071,1.287718254910071,0.6438591274550355,0.08936170212765959,0.04838505518261463,-0.08617021276595749,0.08936170212765959,1,,,,,,,,,,,,,,,,
heavy_tail,cqr_gbrt,conformalized quantile regression,0.9166666666666666,0.016666666666666607,1.3588359109037398,1.2873452975278692,0.055317193873503034,0.04680851063829783,0.024104704744567065,-0.022994652406417182,0.04680851063829783,1,,,,,,,,,,,,,,,,
heavy_tail,cqr_gbrt,absolute residual,0.9026666666666666,0.002666666666666595,1.3047089777380643,1.304708977738064,0.652354488869032,0.123404255319149,0.06396845488679033,-0.123404255319149,0.09465240641711226,2,,,,,,,,,,,,,,,,
heavy_tail,cqr_gbrt,conformalized quantile regression,0.9033333333333333,0.0033333333333332993,1.3514616024981672,1.364553947268282,0.05021387778303377,0.057219251336898425,0.01813701786323814,-0.03829787234042559,0.057219251336898425,2,,,,,,,,,,,,,,,,
skewed,rf,absolute residual,0.8786666666666667,-0.021333333333333315,1.3713452902445018,1.3713452902445016,0.6856726451222508,0.1606382978723404,0.07503271134372512,-0.1606382978723404,0.08404255319148934,0,,,,,,,,,,,,,,,,
skewed,rf,locally normalized residual,0.8886666666666667,-0.011333333333333306,1.290647533801167,1.2637398382869738,2.617546075348254,0.04438502673796796,0.01466890431220845,-0.04438502673796796,0.009574468085106314,0,,,,,,,,,,,,,,,,
skewed,rf,stabilized normalized residual,0.8953333333333333,-0.004666666666666708,1.2754919474460522,1.258818074292039,2.365339903720927,0.043617021276595724,0.022395892593014,-0.043617021276595724,0.030851063829787195,0,,,,,,,,,,,,,,,,
skewed,rf,blended normalized residual gamma=0.25,0.8966666666666666,-0.0033333333333334103,1.2945725477902958,1.2816079972696945,2.452185195919582,0.07553191489361699,0.03438886676527478,-0.07553191489361699,0.04680851063829783,0,,,,,,,,,,,,,,,,
skewed,rf,blended normalized residual gamma=0.50,0.884,-0.016000000000000014,1.2799444590102693,1.271211899139289,2.4775853976663442,0.1127659574468085,0.05104676299920355,-0.1127659574468085,0.057446808510638325,0,,,,,,,,,,,,,,,,
skewed,rf,blended normalized residual gamma=0.75,0.8786666666666667,-0.021333333333333315,1.312870609456135,1.3082917063345745,2.598235495414597,0.1340425531914894,0.06303973717146434,-0.1340425531914894,0.06808510638297871,0,,,,,,,,,,,,,,,,
skewed,rf,oracle local normalization,0.8886666666666667,-0.011333333333333306,1.3034162691461855,1.2801278437083425,1.4542305229844907,0.03903743315508024,0.021087438844009557,-0.03903743315508024,0.02021276595744681,0,,,,,,,,,,,,,,,,
skewed,rf,gmm density level set (1 comp),0.8793333333333333,-0.020666666666666722,1.3678065054211428,1.367806505421143,1.6855738689233126,0.1606382978723404,0.07436426214586415,-0.1606382978723404,0.08404255319148934,0,,,,,,,,,,,,,,,,
skewed,rf,absolute residual,0.908,0.008000000000000007,1.474956076184867,1.4749560761848672,0.7374780380924336,0.10744680851063837,0.06890786778928204,-0.10744680851063837,0.09468085106382973,1,,,,,,,,,,,,,,,,
skewed,rf,locally normalized residual,0.892,-0.008000000000000007,1.3478237205398558,1.322374387618386,2.850480283263089,0.06042780748663101,0.02121615087040618,-0.06042780748663101,0.030481283422459926,1,,,,,,,,,,,,,,,,
skewed,rf,stabilized normalized residual,0.896,-0.0040000000000000036,1.3233074591366076,1.3075808379845006,2.557091918208369,0.07112299465240646,0.03187222664694504,-0.07112299465240646,0.04680851063829783,1,,,,,,,,,,,,,,,,
skewed,rf,blended normalized residual gamma=0.25,0.8973333333333333,-0.002666666666666706,1.2925289676044283,1.2807634428628798,2.5507092243238123,0.07647058823529418,0.042652747752872894,-0.07647058823529418,0.06808510638297871,1,,,,,,,,,,,,,,,,
skewed,rf,blended normalized residual gamma=0.50,0.8966666666666666,-0.0033333333333334103,1.2864689442633797,1.2784924797203288,2.5938887726276705,0.09251336898395723,0.05490599044259868,-0.09251336898395723,0.08404255319148934,1,,,,,,,,,,,,,,,,
skewed,rf,blended normalized residual gamma=0.75,0.902,0.0020000000000000018,1.3406462163238166,1.3363977556173219,2.763137595121103,0.09680851063829787,0.06289893617021276,-0.09680851063829787,0.09468085106382973,1,,,,,,,,,,,,,,,,
skewed,rf,oracle local normalization,0.9053333333333333,0.005333333333333301,1.3266862060412312,1.3186399412981527,1.4855540170595822,0.036170212765957444,0.014666770963704626,-0.01764705882352946,0.036170212765957444,1,,,,,,,,,,,,,,,,
skewed,rf,gmm density level set (1 comp),0.9073333333333333,0.007333333333333303,1.4678899082568362,1.4678899082568364,2.1423872008414975,0.10212765957446812,0.06824652975310046,-0.10212765957446812,0.09468085106382973,1,,,,,,,,,,,,,,,,
skewed,rf,absolute residual,0.8933333333333333,-0.00666666666666671,1.4608946955532331,1.4608946955532334,0.7304473477766167,0.1712765957446809,0.05861375014222324,-0.1712765957446809,0.08404255319148934,2,,,,,,,,,,,,,,,,
skewed,rf,locally normalized residual,0.902,0.0020000000000000018,1.3824577824525628,1.2600192753094142,2.8218777564273485,0.036170212765957444,0.017984127887131635,-0.022994652406417182,0.036170212765957444,2,,,,,,,,,,,,,,,,
skewed,rf,stabilized normalized residual,0.9,0.0,1.3256876541747757,1.2427071138093964,2.5238115601834323,0.028342245989304793,0.015744823074297407,-0.028342245989304793,0.02021276595744681,2,,,,,,,,,,,,,,,,
skewed,rf,blended normalized residual gamma=0.25,0.896,-0.0040000000000000036,1.2935243462414363,1.2308133846930407,2.543096634611182,0.033689839572192515,0.01774874843554443,-0.033689839572192515,0.025531914893616947,2,,,,,,,,,,,,,,,,
skewed,rf,blended normalized residual gamma=0.50,0.892,-0.008000000000000007,1.2941846209770302,1.250942110889615,2.6303985577683653,0.07021276595744685,0.029731055865286155,-0.07021276595744685,0.04148936170212769,2,,,,,,,,,,,,,,,,
skewed,rf,blended normalized residual gamma=0.75,0.8926666666666667,-0.007333333333333303,1.3506401564276647,1.327286339756407,2.8411785331740416,0.123404255319149,0.04598077141881898,-0.123404255319149,0.06276595744680846,2,,,,,,,,,,,,,,,,
skewed,rf,oracle local normalization,0.8986666666666666,-0.0013333333333334085,1.3403559578066213,1.3481532211256915,1.489320343011382,0.030851063829787195,0.014918506087154407,-0.022340425531914954,0.030851063829787195,2,,,,,,,,,,,,,,,,
skewed,rf,gmm density level set (1 comp),0.8946666666666667,-0.005333333333333301,1.4612176814011237,1.4612176814011235,1.85119519550651,0.16595744680851066,0.05728396290818068,-0.16595744680851066,0.08404255319148934,2,,,,,,,,,,,,,,,,
skewed,krr,absolute residual,0.8953333333333333,-0.004666666666666708,2.1149232012084944,2.114923201208494,1.057461600604247,0.1127659574468085,0.06822519626806234,-0.1127659574468085,0.08936170212765959,0,,,,,,,,,,,,,,,,
skewed,krr,locally normalized residual,0.8986666666666666,-0.0013333333333334085,83.99300604536337,60.99991460623295,2696.173354492236,0.043617021276595724,0.01597522471270904,-0.043617021276595724,0.025531914893616947,0,,,,,,,,,,,,,,,,
skewed,krr,stabilized normalized residual,0.898,-0.0020000000000000018,8.36807797061989,6.668444642969938,267.8836510496413,0.05425531914893622,0.020636591193537362,-0.05425531914893622,0.04680851063829783,0,,,,,,,,,,,,,,,,
skewed,krr,blended normalized residual gamma=0.25,0.894,-0.006000000000000005,3.583741029351291,2.99770677974577,123.15518637307434,0.09680851063829787,0.03664026055296393,-0.09680851063829787,0.06808510638297871,0,,,,,,,,,,,,,,,,
skewed,krr,blended normalized residual gamma=0.50,0.8886666666666667,-0.011333333333333306,2.5685730401732187,2.266345428142646,95.26976771008442,0.1127659574468085,0.04759429400386847,-0.1127659574468085,0.08404255319148934,0,,,,,,,,,,,,,,,,
skewed,krr,blended normalized residual gamma=0.75,0.8933333333333333,-0.00666666666666671,2.1784095121529883,2.0392094669932774,87.75873176179135,0.11808510638297876,0.06397556604846967,-0.11808510638297876,0.08404255319148934,0,,,,,,,,,,,,,,,,
skewed,krr,oracle local normalization,0.9,0.0,2.197982984315344,2.1587111384319053,2.4523047781855043,0.05212765957446808,0.026531744225736717,-0.04973262032085568,0.05212765957446808,0,,,,,,,,,,,,,,,,
skewed,krr,gmm density level set (1 comp),0.8953333333333333,-0.004666666666666708,2.108423686405274,2.108423686405274,560.608636800549,0.1127659574468085,0.06822519626806234,-0.1127659574468085,0.08936170212765959,0,,,,,,,,,,,,,,,,
skewed,krr,absolute residual,0.892,-0.008000000000000007,2.1482321700170712,2.148232170017071,1.0741160850085354,0.20319148936170217,0.07992590169530095,-0.20319148936170217,0.08404255319148934,1,,,,,,,,,,,,,,,,
skewed,krr,locally normalized residual,0.8986666666666666,-0.0013333333333334085,82.8842328221764,60.52210835642704,2635.504478481157,0.030851063829787195,0.013982677210149036,-0.02765957446808509,0.030851063829787195,1,,,,,,,,,,,,,,,,
skewed,krr,stabilized normalized residual,0.9046666666666666,0.004666666666666597,8.950839131653257,7.070433045419955,279.6568962302656,0.05212765957446808,0.025444447604960743,-0.04893617021276597,0.05212765957446808,1,,,,,,,,,,,,,,,,
skewed,krr,blended normalized residual gamma=0.25,0.9,0.0,3.6945529038019207,3.069350127164091,123.97482955702853,0.08085106382978724,0.03463135737854135,-0.08085106382978724,0.06276595744680846,1,,,,,,,,,,,,,,,,
skewed,krr,blended normalized residual gamma=0.50,0.9033333333333333,0.0033333333333332993,2.6367466549650156,2.315505170945467,95.55105891118157,0.11808510638297876,0.04955484127887132,-0.11808510638297876,0.08936170212765959,1,,,,,,,,,,,,,,,,
skewed,krr,blended normalized residual gamma=0.75,0.894,-0.006000000000000005,2.1787828737653427,2.0345294439482813,85.81437115855998,0.16595744680851066,0.06193821822732962,-0.16595744680851066,0.09468085106382973,1,,,,,,,,,,,,,,,,
skewed,krr,oracle local normalization,0.884,-0.016000000000000014,2.1474230096844895,2.1343990301084457,2.4045722823048843,0.123404255319149,0.03317712481510979,-0.123404255319149,0.04652406417112298,1,,,,,,,,,,,,,,,,
skewed,krr,gmm density level set (1 comp),0.892,-0.008000000000000007,2.1484570475395515,2.1484570475395515,542.4729146155315,0.20319148936170217,0.07992590169530095,-0.20319148936170217,0.08404255319148934,1,,,,,,,,,,,,,,,,
skewed,krr,absolute residual,0.8833333333333333,-0.01666666666666672,2.0875460353442903,2.0875460353442903,1.0437730176721451,0.16595744680851066,0.07262273865058595,-0.16595744680851066,0.0787234042553191,2,,,,,,,,,,,,,,,,
skewed,krr,locally normalized residual,0.8953333333333333,-0.004666666666666708,89.79499782648803,65.47745364847663,2706.8019568730515,0.036170212765957444,0.01971854022073047,-0.03297872340425534,0.036170212765957444,2,,,,,,,,,,,,,,,,
skewed,krr,stabilized normalized residual,0.9006666666666666,0.0006666666666665932,9.027425843734418,7.436494090058697,280.3240463880542,0.05957446808510636,0.02104477187393332,-0.05957446808510636,0.030851063829787195,2,,,,,,,,,,,,,,,,
skewed,krr,blended normalized residual gamma=0.25,0.8933333333333333,-0.00666666666666671,3.5979906194676903,3.0874661006278954,119.94002765640184,0.0648936170212766,0.024262572533849128,-0.0648936170212766,0.030481283422459926,2,,,,,,,,,,,,,,,,
skewed,krr,blended normalized residual gamma=0.50,0.8946666666666667,-0.005333333333333301,2.544314729917309,2.2845397807504932,91.54530322554096,0.10212765957446812,0.03865983046990555,-0.10212765957446812,0.06791443850267376,2,,,,,,,,,,,,,,,,
skewed,krr,blended normalized residual gamma=0.75,0.888,-0.01200000000000001,2.1673537166398296,2.047174243319764,84.70305825760232,0.15531914893617027,0.054652833086813055,-0.15531914893617027,0.057219251336898425,2,,,,,,,,,,,,,,,,
skewed,krr,oracle local normalization,0.892,-0.008000000000000007,2.1610534691356396,2.1736249825812286,2.40122847604291,0.12872340425531914,0.034219621117305726,-0.12872340425531914,0.04148936170212769,2,,,,,,,,,,,,,,,,
skewed,krr,gmm density level set (1 comp),0.8833333333333333,-0.01666666666666672,2.0817347789824225,2.0817347789824225,443.4957994247797,0.16595744680851066,0.07262273865058595,-0.16595744680851066,0.0787234042553191,2,,,,,,,,,,,,,,,,
skewed,mlp,absolute residual,0.886,-0.014000000000000012,1.5007536638339394,1.5007536638339394,0.7503768319169697,0.1819148936170213,0.07623236431903516,-0.1819148936170213,0.08936170212765959,0,,,,,,,,,,,,,,,,
skewed,mlp,locally normalized residual,0.88,-0.020000000000000018,1.4510057067496889,1.3444509395939312,2.290255477860604,0.04438502673796796,0.022430026169074996,-0.04438502673796796,0.009574468085106314,0,,,,,,,,,,,,,,,,
skewed,mlp,stabilized normalized residual,0.8793333333333333,-0.020666666666666722,1.4052982732014303,1.317528675343234,2.036708716054166,0.04438502673796796,0.02442470702013884,-0.04438502673796796,0.014893617021276562,0,,,,,,,,,,,,,,,,
skewed,mlp,blended normalized residual gamma=0.25,0.8806666666666667,-0.019333333333333313,1.367467665152292,1.3012189792788291,2.049749635989948,0.05957446808510636,0.036013056092843346,-0.05957446808510636,0.04148936170212769,0,,,,,,,,,,,,,,,,
skewed,mlp,blended normalized residual gamma=0.50,0.88,-0.020000000000000018,1.3724091639696823,1.3265120377687696,2.1301015216286006,0.10744680851063837,0.05772414381613382,-0.10744680851063837,0.06808510638297871,0,,,,,,,,,,,,,,,,
skewed,mlp,blended normalized residual gamma=0.75,0.8886666666666667,-0.011333333333333306,1.4469702106565827,1.4218854002927648,2.3283894722223586,0.14468085106382977,0.059296421663442914,-0.14468085106382977,0.07340425531914896,0,,,,,,,,,,,,,,,,
skewed,mlp,oracle local normalization,0.88,-0.020000000000000018,1.355983050785323,1.3317554030869565,1.5128796438864185,0.05957446808510636,0.023461855728751854,-0.05957446808510636,0.009574468085106314,0,,,,,,,,,,,,,,,,
skewed,mlp,gmm density level set (1 comp),0.886,-0.014000000000000012,1.494578815679688,1.494578815679688,1.409852701106165,0.17659574468085104,0.07623591989987484,-0.17659574468085104,0.08936170212765959,0,,,,,,,,,,,,,,,,
skewed,mlp,absolute residual,0.8906666666666667,-0.009333333333333305,1.490272511743614,1.4902725117436137,0.7451362558718069,0.15531914893617027,0.07555324837865514,-0.15531914893617027,0.09999999999999998,1,,,,,,,,,,,,,,,,
skewed,mlp,locally normalized residual,0.892,-0.008000000000000007,1.500149052739918,1.3742267793902396,2.612325319511842,0.028342245989304793,0.014405080213903756,-0.028342245989304793,0.025531914893616947,1,,,,,,,,,,,,,,,,
skewed,mlp,stabilized normalized residual,0.892,-0.008000000000000007,1.4406983201580388,1.3360126497323668,2.3052957653812483,0.04680851063829783,0.022000512003640907,-0.033689839572192515,0.04680851063829783,1,,,,,,,,,,,,,,,,
skewed,mlp,blended normalized residual gamma=0.25,0.894,-0.006000000000000005,1.3958141958857335,1.316901953943704,2.3169813206334218,0.06808510638297871,0.035725765160996695,-0.06042780748663101,0.06808510638297871,1,,,,,,,,,,,,,,,,
skewed,mlp,blended normalized residual gamma=0.50,0.8913333333333333,-0.008666666666666711,1.384649828947822,1.330435472883483,2.3877217378424023,0.08181818181818179,0.05038186938218227,-0.08181818181818179,0.0787234042553191,1,,,,,,,,,,,,,,,,
skewed,mlp,blended normalized residual gamma=0.75,0.89,-0.010000000000000009,1.3974683227670872,1.3690046576722905,2.5072071982136013,0.10320855614973268,0.059693935601319845,-0.10320855614973268,0.08936170212765959,1,,,,,,,,,,,,,,,,
skewed,mlp,oracle local normalization,0.884,-0.016000000000000014,1.3789614898404428,1.3705981789329789,1.5440891533165386,0.05425531914893622,0.019319604050517705,-0.05425531914893622,0.009090909090909038,1,,,,,,,,,,,,,,,,
skewed,mlp,gmm density level set (1 comp),0.888,-0.01200000000000001,1.5012510425354006,1.5012510425354009,1.490466650525983,0.15531914893617027,0.08354974968710888,-0.15531914893617027,0.09999999999999998,1,,,,,,,,,,,,,,,,
skewed,mlp,absolute residual,0.8966666666666666,-0.0033333333333334103,1.506820625905447,1.506820625905447,0.7534103129527235,0.1606382978723404,0.05888468540220729,-0.1606382978723404,0.08404255319148934,2,,,,,,,,,,,,,,,,
skewed,mlp,locally normalized residual,0.9,0.0,1.5398338494711692,1.3815685554788373,2.4924500157506024,0.04438502673796796,0.023723546478552723,-0.04438502673796796,0.036170212765957444,2,,,,,,,,,,,,,,,,
skewed,mlp,stabilized normalized residual,0.9046666666666666,0.004666666666666597,1.4620939551831251,1.3339818088908917,2.1800568249797,0.04680851063829783,0.01904795767436565,-0.033689839572192515,0.04680851063829783,2,,,,,,,,,,,,,,,,
skewed,mlp,blended normalized residual gamma=0.25,0.9066666666666666,0.006666666666666599,1.4061721774730218,1.3103831236948627,2.173362287039542,0.057446808510638325,0.021472152690863583,-0.028342245989304793,0.057446808510638325,2,,,,,,,,,,,,,,,,
skewed,mlp,blended normalized residual gamma=0.50,0.9053333333333333,0.005333333333333301,1.4043072718360963,1.3381114242491234,2.252880987382923,0.07340425531914896,0.02973105586528617,-0.03829787234042559,0.07340425531914896,2,,,,,,,,,,,,,,,,
skewed,mlp,blended normalized residual gamma=0.75,0.9026666666666666,0.002666666666666595,1.4396457708152526,1.404375959866019,2.4007151328251903,0.10744680851063837,0.043964757082717035,-0.10744680851063837,0.08404255319148934,2,,,,,,,,,,,,,,,,
skewed,mlp,oracle local normalization,0.9033333333333333,0.0033333333333332993,1.4428022368539126,1.4511954617227025,1.603152289340496,0.043617021276595724,0.018657554898168158,-0.043617021276595724,0.036170212765957444,2,,,,,,,,,,,,,,,,
skewed,mlp,gmm density level set (1 comp),0.8973333333333333,-0.002666666666666706,1.5145954962468269,1.5145954962468267,1.5015161168408353,0.15531914893617027,0.05955669018090795,-0.15531914893617027,0.08404255319148934,2,,,,,,,,,,,,,,,,
skewed,cqr_gbrt,absolute residual,0.8866666666666667,-0.013333333333333308,1.3080434501536544,1.3080434501536544,0.6540217250768272,0.15531914893617027,0.06661380703151666,-0.15531914893617027,0.08404255319148934,0,,,,,,,,,,,,,,,,
skewed,cqr_gbrt,conformalized quantile regression,0.8973333333333333,-0.002666666666666706,1.4404200100634865,1.4241402354680424,0.02092471191708767,0.05957446808510636,0.03440095574012969,-0.05957446808510636,0.04652406417112298,0,,,,,,,,,,,,,,,,
skewed,cqr_gbrt,absolute residual,0.904,0.0040000000000000036,1.4347059976235783,1.4347059976235783,0.7173529988117892,0.12872340425531914,0.0652911309591535,-0.12872340425531914,0.09999999999999998,1,,,,,,,,,,,,,,,,
skewed,cqr_gbrt,conformalized quantile regression,0.8926666666666667,-0.007333333333333303,1.3595166096020685,1.337811863791003,0.018498949950008337,0.05425531914893622,0.022403003754693382,-0.05425531914893622,0.0518716577540107,1,,,,,,,,,,,,,,,,
skewed,cqr_gbrt,absolute residual,0.9066666666666666,0.006666666666666599,1.3889755389484864,1.3889755389484861,0.6944877694742431,0.1340425531914894,0.052634685402207296,-0.1340425531914894,0.08404255319148934,2,,,,,,,,,,,,,,,,
skewed,cqr_gbrt,conformalized quantile regression,0.8846666666666667,-0.01533333333333331,1.3811075863889624,1.3433829207921806,0.014655891442874464,0.08085106382978724,0.030228837182842194,-0.08085106382978724,0.030851063829787195,2,,,,,,,,,,,,,,,,
multimodal,rf,absolute residual,0.9,0.0,2.4479963771053264,2.4479963771053264,1.2239981885526632,0.1127659574468085,0.045290988735919885,-0.1127659574468085,0.06808510638297871,0,,,,,,,,,,,,,,,,
multimodal,rf,locally normalized residual,0.8933333333333333,-0.00666666666666671,2.4717291261124124,2.460368560379065,2.321736498781193,0.09148936170212774,0.03769911252702243,-0.09148936170212774,0.05212765957446808,0,,,,,,,,,,,,,,,,
multimodal,rf,stabilized normalized residual,0.894,-0.006000000000000005,2.466787333491101,2.4589627576117326,2.109144025066777,0.09148936170212774,0.03703066332916147,-0.09148936170212774,0.05212765957446808,0,,,,,,,,,,,,,,,,
multimodal,rf,blended normalized residual gamma=0.25,0.8993333333333333,-0.0006666666666667043,2.4742532931329166,2.4682278827055057,2.165562896098075,0.08617021276595749,0.036629593810444866,-0.08617021276595749,0.057446808510638325,0,,,,,,,,,,,,,,,,
multimodal,rf,blended normalized residual gamma=0.50,0.9026666666666666,0.002666666666666595,2.467827702297438,2.4637241385891366,2.2122622389455358,0.08617021276595749,0.041702696552508814,-0.08617021276595749,0.06808510638297871,0,,,,,,,,,,,,,,,,
multimodal,rf,blended normalized residual gamma=0.75,0.9026666666666666,0.002666666666666595,2.4618619158580968,2.459764280017944,2.261702700431938,0.09680851063829787,0.04263141426783479,-0.09680851063829787,0.06808510638297871,0,,,,,,,,,,,,,,,,
multimodal,rf,oracle local normalization,0.8893333333333333,-0.010666666666666713,2.9010775382539458,2.8614469855504465,5.9392895793314135,0.3840425531914894,0.1205782796677665,-0.3840425531914894,0.09999999999999998,0,,,,,,,,,,,,,,,,
multimodal,rf,gmm density level set (2 comp),0.8986666666666666,-0.0013333333333334085,2.4420350291909187,2.4420350291909187,4.577067868355313,0.1127659574468085,0.042627858686995104,-0.1127659574468085,0.06256684491978604,0,,,,,,,,,,,,,,,,
multimodal,rf,conditional two-mode density level set,0.904,0.0040000000000000036,1.8481333769138713,1.8464585084889995,2.0536518619349753,0.1127659574468085,0.07728766071225394,-0.1127659574468085,0.09999999999999998,0,0.08085106382978724,0.03320201388098759,-0.08085106382978724,0.04652406417112298,0.08085106382978724,0.03131186710661052,-0.08085106382978724,0.04148936170212769,0.08085106382978724,0.03131186710661052,-0.08085106382978724,0.04148936170212769,0.0648936170212766,0.0221413130048925,-0.0648936170212766,0.030481283422459926
multimodal,rf,absolute residual,0.8826666666666667,-0.01733333333333331,2.4269247055657543,2.4269247055657543,1.2134623527828772,0.09251336898395723,0.04439427124815108,-0.09251336898395723,0.05212765957446808,1,,,,,,,,,,,,,,,,
multimodal,rf,locally normalized residual,0.8846666666666667,-0.01533333333333331,2.460028277583357,2.453970779079774,2.331529125712322,0.07647058823529418,0.03974712709068155,-0.07647058823529418,0.04652406417112298,1,,,,,,,,,,,,,,,,
multimodal,rf,stabilized normalized residual,0.8826666666666667,-0.01733333333333331,2.4512080121755084,2.446530718948689,2.1133035764310284,0.07647058823529418,0.040408465126863136,-0.07647058823529418,0.04148936170212769,1,,,,,,,,,,,,,,,,
multimodal,rf,blended normalized residual gamma=0.25,0.888,-0.01200000000000001,2.44300540299285,2.4394256550261515,2.156544768918564,0.08716577540106951,0.044401382409830464,-0.08716577540106951,0.06808510638297871,1,,,,,,,,,,,,,,,,
multimodal,rf,blended normalized residual gamma=0.50,0.8886666666666667,-0.011333333333333306,2.4502192173594946,2.4477670961953337,2.215844153772263,0.07647058823529418,0.042388923654568214,-0.07647058823529418,0.06808510638297871,1,,,,,,,,,,,,,,,,
multimodal,rf,blended normalized residual gamma=0.75,0.8846666666666667,-0.01533333333333331,2.4304235287279377,2.4291768649458008,2.253080062879076,0.08181818181818179,0.04239959039708727,-0.08181818181818179,0.057446808510638325,1,,,,,,,,,,,,,,,,
multimodal,rf,oracle local normalization,0.8893333333333333,-0.010666666666666713,2.9390864772544907,2.925469456494852,6.033752217441859,0.3840425531914894,0.11792581636136078,-0.3840425531914894,0.09999999999999998,1,,,,,,,,,,,,,,,,
multimodal,rf,gmm density level set (2 comp),0.8826666666666667,-0.01733333333333331,2.428690575479493,2.428690575479493,4.476946957800902,0.09251336898395723,0.04439427124815108,-0.09251336898395723,0.05212765957446808,1,,,,,,,,,,,,,,,,
multimodal,rf,conditional two-mode density level set,0.888,-0.01200000000000001,1.7633642932466156,1.764496094106137,2.0550874888968167,0.13936170212765964,0.07463164182500855,-0.13936170212765964,0.09468085106382973,1,0.033689839572192515,0.016542695414722947,-0.033689839572192515,0.01443850267379676,0.07112299465240646,0.02068139151211744,-0.07112299465240646,0.02021276595744681,0.07112299465240646,0.02068139151211744,-0.07112299465240646,0.02021276595744681,0.04438502673796796,0.019330270793036744,-0.04438502673796796,0.019786096256684482
multimodal,rf,absolute residual,0.9146666666666666,0.014666666666666606,2.4959192217941326,2.495919221794133,1.2479596108970665,0.057219251336898425,0.032659432244851516,-0.04893617021276597,0.057219251336898425,2,,,,,,,,,,,,,,,,
multimodal,rf,locally normalized residual,0.9193333333333333,0.019333333333333313,2.547307304988115,2.5481762928702283,2.394087207188387,0.05212765957446808,0.028260467629992028,-0.02765957446808509,0.05212765957446808,2,,,,,,,,,,,,,,,,
multimodal,rf,stabilized normalized residual,0.9206666666666666,0.02066666666666661,2.543619640740638,2.5461029298132307,2.1754164697996936,0.05212765957446808,0.031586357947434265,-0.043617021276595724,0.05212765957446808,2,,,,,,,,,,,,,,,,
multimodal,rf,blended normalized residual gamma=0.25,0.9193333333333333,0.019333333333333313,2.5307736144373334,2.532670850807291,2.2160283536108816,0.0518716577540107,0.03198742746615084,-0.043617021276595724,0.0518716577540107,2,,,,,,,,,,,,,,,,
multimodal,rf,blended normalized residual gamma=0.50,0.9213333333333333,0.021333333333333315,2.526435644050096,2.5277291361505667,2.2662557089916824,0.0518716577540107,0.03131897826828989,-0.03297872340425534,0.0518716577540107,2,,,,,,,,,,,,,,,,
multimodal,rf,blended normalized residual gamma=0.75,0.9206666666666666,0.02066666666666661,2.519152962491418,2.519813987413085,2.3162901450552495,0.06256684491978604,0.03199098304699052,-0.03829787234042559,0.06256684491978604,2,,,,,,,,,,,,,,,,
multimodal,rf,oracle local normalization,0.9113333333333333,0.011333333333333306,2.990272871680295,3.0035855549715014,6.1027104206173215,0.3840425531914894,0.12123250654226873,-0.3840425531914894,0.09999999999999998,2,,,,,,,,,,,,,,,,
multimodal,rf,gmm density level set (2 comp),0.9153333333333333,0.01533333333333331,2.4954128440366223,2.495412844036622,4.633182066594498,0.057446808510638325,0.03371828421891,-0.05425531914893622,0.057446808510638325,2,,,,,,,,,,,,,,,,
multimodal,rf,conditional two-mode density level set,0.92,0.020000000000000018,1.84790706615419,1.848192559313759,2.149851421988295,0.1340425531914894,0.07532640232108316,-0.1340425531914894,0.09999999999999998,2,0.030851063829787195,0.019988764364546566,0.009090909090909038,0.030851063829787195,0.04117647058823526,0.020002986687905316,0.0037433155080213165,0.04117647058823526,0.04117647058823526,0.020002986687905316,0.0037433155080213165,0.04117647058823526,0.06256684491978604,0.032832944589828175,-0.022340425531914954,0.06256684491978604
multimodal,krr,absolute residual,0.898,-0.0020000000000000018,3.7924416385118773,3.7924416385118773,1.8962208192559387,0.04148936170212769,0.01598446922289226,-0.02765957446808509,0.04148936170212769,0,,,,,,,,,,,,,,,,
multimodal,krr,locally normalized residual,0.918,0.018000000000000016,415.2386673105286,335.1487563823465,6628.780880142693,0.06808510638297871,0.02732819433382637,-0.02765957446808509,0.06808510638297871,0,,,,,,,,,,,,,,,,
multimodal,krr,stabilized normalized residual,0.9153333333333333,0.01533333333333331,19.7444321107512,16.820555225526185,303.9368240324551,0.057446808510638325,0.024388440095574004,-0.02765957446808509,0.057446808510638325,0,,,,,,,,,,,,,,,,
multimodal,krr,blended normalized residual gamma=0.25,0.9146666666666666,0.014666666666666606,7.8473404064849746,6.91424504632157,129.32694109914482,0.04680851063829783,0.0199930310615542,-0.017021276595744705,0.04680851063829783,0,,,,,,,,,,,,,,,,
multimodal,krr,blended normalized residual gamma=0.50,0.902,0.0020000000000000018,5.260262568530669,4.81160218319098,93.27643942766628,0.03829787234042559,0.01664367391057002,-0.03829787234042559,0.030851063829787195,0,,,,,,,,,,,,,,,,
multimodal,krr,blended normalized residual gamma=0.75,0.9013333333333333,0.0013333333333332975,4.20134769471083,4.0074465518837,80.62404792068546,0.03297872340425534,0.016379849812265326,-0.03297872340425534,0.030851063829787195,0,,,,,,,,,,,,,,,,
multimodal,krr,oracle local normalization,0.888,-0.01200000000000001,4.330986827370923,4.271822810050798,8.866700249420939,0.19255319148936167,0.0995605302082148,-0.19255319148936167,0.09999999999999998,0,,,,,,,,,,,,,,,,
multimodal,krr,gmm density level set (2 comp),0.8986666666666666,-0.0013333333333334085,3.8031693077563484,3.803169307756349,567.5197622533992,0.04148936170212769,0.015319575605870994,-0.022340425531914954,0.04148936170212769,0,,,,,,,,,,,,,,,,
multimodal,krr,conditional two-mode density level set,0.904,0.0040000000000000036,1.8481333769138713,1.8464585084889995,2.0536518619349753,0.1127659574468085,0.07728766071225394,-0.1127659574468085,0.09999999999999998,0,0.08085106382978724,0.03320201388098759,-0.08085106382978724,0.04652406417112298,0.08085106382978724,0.03131186710661052,-0.08085106382978724,0.04148936170212769,0.08085106382978724,0.03131186710661052,-0.08085106382978724,0.04148936170212769,0.0648936170212766,0.0221413130048925,-0.0648936170212766,0.030481283422459926
multimodal,krr,absolute residual,0.8833333333333333,-0.01666666666666672,3.7599191105786445,3.7599191105786454,1.8799595552893227,0.07021276595744685,0.025321424507907628,-0.07021276595744685,0.025531914893616947,1,,,,,,,,,,,,,,,,
multimodal,krr,locally normalized residual,0.898,-0.0020000000000000018,283.9514648986621,210.48919351883302,4399.447603152713,0.05212765957446808,0.017442257367163497,-0.03297872340425534,0.05212765957446808,1,,,,,,,,,,,,,,,,
multimodal,krr,stabilized normalized residual,0.8966666666666666,-0.0033333333333334103,16.237076894519745,12.966735526565033,245.78537075781716,0.05212765957446808,0.020133832062805807,-0.028342245989304793,0.05212765957446808,1,,,,,,,,,,,,,,,,
multimodal,krr,blended normalized residual gamma=0.25,0.8873333333333333,-0.012666666666666715,7.06155595642719,5.921762492526094,114.2162351846352,0.057446808510638325,0.02814455569461828,-0.03903743315508024,0.057446808510638325,1,,,,,,,,,,,,,,,,
multimodal,krr,blended normalized residual gamma=0.50,0.8926666666666667,-0.007333333333333303,4.923664101040456,4.35488257997679,85.49454708592596,0.05212765957446808,0.024133860507452518,-0.04438502673796796,0.05212765957446808,1,,,,,,,,,,,,,,,,
multimodal,krr,blended normalized residual gamma=0.75,0.8786666666666667,-0.021333333333333315,3.9980689740220865,3.7488071927485294,74.93395023087822,0.06042780748663101,0.03307543520309478,-0.06042780748663101,0.04680851063829783,1,,,,,,,,,,,,,,,,
multimodal,krr,oracle local normalization,0.8626666666666667,-0.03733333333333333,4.162151874896569,4.142868295143524,8.544625447001586,0.2563829787234043,0.09955697462737513,-0.2563829787234043,0.08404255319148934,1,,,,,,,,,,,,,,,,
multimodal,krr,gmm density level set (2 comp),0.8833333333333333,-0.01666666666666672,3.763135946622071,3.7631359466220715,241.46122007102846,0.07021276595744685,0.025321424507907628,-0.07021276595744685,0.025531914893616947,1,,,,,,,,,,,,,,,,
multimodal,krr,conditional two-mode density level set,0.888,-0.01200000000000001,1.7633642932466156,1.764496094106137,2.0550874888968167,0.13936170212765964,0.07463164182500855,-0.13936170212765964,0.09468085106382973,1,0.033689839572192515,0.016542695414722947,-0.033689839572192515,0.01443850267379676,0.07112299465240646,0.02068139151211744,-0.07112299465240646,0.02021276595744681,0.07112299465240646,0.02068139151211744,-0.07112299465240646,0.02021276595744681,0.04438502673796796,0.019330270793036744,-0.04438502673796796,0.019786096256684482
multimodal,krr,absolute residual,0.8926666666666667,-0.007333333333333303,3.8567788818096647,3.8567788818096647,1.9283894409048323,0.03297872340425534,0.019462538400273066,-0.03297872340425534,0.025133689839572204,2,,,,,,,,,,,,,,,,
multimodal,krr,locally normalized residual,0.8953333333333333,-0.004666666666666708,294.20581439854516,231.90415699338996,4675.874019309172,0.04438502673796796,0.02319660939811126,-0.04438502673796796,0.03582887700534754,2,,,,,,,,,,,,,,,,
multimodal,krr,stabilized normalized residual,0.904,0.0040000000000000036,18.386236560830326,15.4407219160475,283.27896023469924,0.05425531914893622,0.020918193196040505,-0.05425531914893622,0.036170212765957444,2,,,,,,,,,,,,,,,,
multimodal,krr,blended normalized residual gamma=0.25,0.9026666666666666,0.002666666666666595,7.6203639434033414,6.645461415280971,125.0123924233268,0.04893617021276597,0.015318864489703016,-0.04893617021276597,0.025133689839572204,2,,,,,,,,,,,,,,,,
multimodal,krr,blended normalized residual gamma=0.50,0.8973333333333333,-0.002666666666666706,5.276280571509823,4.795104794270223,92.55222961324449,0.04893617021276597,0.01425859028330867,-0.04893617021276597,0.025133689839572204,2,,,,,,,,,,,,,,,,
multimodal,krr,blended normalized residual gamma=0.75,0.9026666666666666,0.002666666666666595,4.232402026153764,4.025052763221063,79.76559710955034,0.03297872340425534,0.015599044259870298,-0.03297872340425534,0.025133689839572204,2,,,,,,,,,,,,,,,,
multimodal,krr,oracle local normalization,0.8986666666666666,-0.0013333333333334085,4.36956621064329,4.38901950255961,8.917646780604965,0.2297872340425532,0.09555694618272842,-0.2297872340425532,0.09999999999999998,2,,,,,,,,,,,,,,,,
multimodal,krr,gmm density level set (2 comp),0.8926666666666667,-0.007333333333333303,3.8565471226020516,3.856547122602052,282.7057566564904,0.03297872340425534,0.019462538400273066,-0.03297872340425534,0.025133689839572204,2,,,,,,,,,,,,,,,,
multimodal,krr,conditional two-mode density level set,0.92,0.020000000000000018,1.84790706615419,1.848192559313759,2.149851421988295,0.1340425531914894,0.07532640232108316,-0.1340425531914894,0.09999999999999998,2,0.030851063829787195,0.019988764364546566,0.009090909090909038,0.030851063829787195,0.04117647058823526,0.020002986687905316,0.0037433155080213165,0.04117647058823526,0.04117647058823526,0.020002986687905316,0.0037433155080213165,0.04117647058823526,0.06256684491978604,0.032832944589828175,-0.022340425531914954,0.06256684491978604
multimodal,mlp,absolute residual,0.9026666666666666,0.002666666666666595,2.6888874374925686,2.688887437492569,1.3444437187462845,0.0648936170212766,0.046251706678803045,-0.0648936170212766,0.0518716577540107,0,,,,,,,,,,,,,,,,
multimodal,mlp,locally normalized residual,0.9093333333333333,0.009333333333333305,2.7124990298555165,2.7000474943764625,1.9102126877298937,0.036170212765957444,0.016921720332233464,-0.017021276595744705,0.036170212765957444,0,,,,,,,,,,,,,,,,
multimodal,mlp,stabilized normalized residual,0.91,0.010000000000000009,2.7198688335301675,2.705465159353957,1.7401271470901036,0.04680851063829783,0.02291642962794402,-0.03297872340425534,0.04680851063829783,0,,,,,,,,,,,,,,,,
multimodal,mlp,blended normalized residual gamma=0.25,0.9093333333333333,0.009333333333333305,2.700813447797602,2.6898221199996124,1.770502687935707,0.04680851063829783,0.028921805666173625,-0.03297872340425534,0.04680851063829783,0,,,,,,,,,,,,,,,,
multimodal,mlp,blended normalized residual gamma=0.50,0.904,0.0040000000000000036,2.6782969250421544,2.6708469356669413,1.8000863666788613,0.04680851063829783,0.03425162134486291,-0.04438502673796796,0.04680851063829783,0,,,,,,,,,,,,,,,,
multimodal,mlp,blended normalized residual gamma=0.75,0.906,0.006000000000000005,2.7010227526984334,2.697168812957858,1.8623984641091078,0.05957446808510636,0.04291301627033793,-0.05957446808510636,0.057446808510638325,0,,,,,,,,,,,,,,,,
multimodal,mlp,oracle local normalization,0.9026666666666666,0.002666666666666595,3.1011818728959732,3.05881776851188,6.348957219664027,0.26170212765957446,0.10330882352941176,-0.26170212765957446,0.09999999999999998,0,,,,,,,,,,,,,,,,
multimodal,mlp,gmm density level set (2 comp),0.902,0.0020000000000000018,2.6622185154294447,2.662218515429444,2.068993249507055,0.07021276595744685,0.04557614631926271,-0.07021276595744685,0.05212765957446808,0,,,,,,,,,,,,,,,,
multimodal,mlp,conditional two-mode density level set,0.904,0.0040000000000000036,1.8481333769138713,1.8464585084889995,2.0536518619349753,0.1127659574468085,0.07728766071225394,-0.1127659574468085,0.09999999999999998,0,0.08085106382978724,0.03320201388098759,-0.08085106382978724,0.04652406417112298,0.08085106382978724,0.03131186710661052,-0.08085106382978724,0.04148936170212769,0.08085106382978724,0.03131186710661052,-0.08085106382978724,0.04148936170212769,0.0648936170212766,0.0221413130048925,-0.0648936170212766,0.030481283422459926
multimodal,mlp,absolute residual,0.9126666666666666,0.012666666666666604,2.7577350772571565,2.757735077257157,1.3788675386285785,0.06042780748663101,0.034952070770281035,-0.06042780748663101,0.057446808510638325,1,,,,,,,,,,,,,,,,
multimodal,mlp,locally normalized residual,0.9066666666666666,0.006666666666666599,2.790066144751633,2.7817181437519976,2.0359708225864837,0.04148936170212769,0.02066645807259071,-0.028342245989304793,0.04148936170212769,1,,,,,,,,,,,,,,,,
multimodal,mlp,stabilized normalized residual,0.9093333333333333,0.009333333333333305,2.7731929078760333,2.7668026896716063,1.8412115893196244,0.04680851063829783,0.024666486517237435,-0.03297872340425534,0.04680851063829783,1,,,,,,,,,,,,,,,,
multimodal,mlp,blended normalized residual gamma=0.25,0.902,0.0020000000000000018,2.7433666919297894,2.7385111631937566,1.8653626516988904,0.04680851063829783,0.025593782000227536,-0.04438502673796796,0.04680851063829783,1,,,,,,,,,,,,,,,,
multimodal,mlp,blended normalized residual gamma=0.50,0.9073333333333333,0.007333333333333303,2.745383967303712,2.7420644626819417,1.9128956742569234,0.05212765957446808,0.02960092160655363,-0.04973262032085568,0.05212765957446808,1,,,,,,,,,,,,,,,,
multimodal,mlp,blended normalized residual gamma=0.75,0.908,0.008000000000000007,2.7376245859388364,2.735927559894722,1.9558543510370996,0.06042780748663101,0.031606269200136525,-0.06042780748663101,0.057446808510638325,1,,,,,,,,,,,,,,,,
multimodal,mlp,oracle local normalization,0.898,-0.0020000000000000018,3.1257011478119385,3.1112195264824636,6.416859924886729,0.298936170212766,0.10687791557628855,-0.298936170212766,0.09999999999999998,1,,,,,,,,,,,,,,,,
multimodal,mlp,gmm density level set (2 comp),0.9113333333333333,0.011333333333333306,2.708924103419435,2.7089241034194345,2.357925881040915,0.06808510638297871,0.0349378484469223,-0.04973262032085568,0.06808510638297871,1,,,,,,,,,,,,,,,,
multimodal,mlp,conditional two-mode density level set,0.888,-0.01200000000000001,1.7633642932466156,1.764496094106137,2.0550874888968167,0.13936170212765964,0.07463164182500855,-0.13936170212765964,0.09468085106382973,1,0.033689839572192515,0.016542695414722947,-0.033689839572192515,0.01443850267379676,0.07112299465240646,0.02068139151211744,-0.07112299465240646,0.02021276595744681,0.07112299465240646,0.02068139151211744,-0.07112299465240646,0.02021276595744681,0.04438502673796796,0.019330270793036744,-0.04438502673796796,0.019786096256684482
multimodal,mlp,absolute residual,0.906,0.006000000000000005,2.627189684597749,2.6271896845977496,1.3135948422988748,0.08085106382978724,0.03355828308112413,-0.08085106382978724,0.057446808510638325,2,,,,,,,,,,,,,,,,
multimodal,mlp,locally normalized residual,0.906,0.006000000000000005,2.6759263251798813,2.661440828974909,1.9041345549683175,0.028342245989304793,0.015217885993855956,-0.028342245989304793,0.025531914893616947,2,,,,,,,,,,,,,,,,
multimodal,mlp,stabilized normalized residual,0.902,0.0020000000000000018,2.6475215985451346,2.635902842873616,1.7143762835960519,0.03903743315508024,0.01654411764705882,-0.03903743315508024,0.030851063829787195,2,,,,,,,,,,,,,,,,
multimodal,mlp,blended normalized residual gamma=0.25,0.904,0.0040000000000000036,2.640574886017253,2.6316730177579606,1.751323722308382,0.030851063829787195,0.01693238707475253,-0.022994652406417182,0.030851063829787195,2,,,,,,,,,,,,,,,,
multimodal,mlp,blended normalized residual gamma=0.50,0.908,0.008000000000000007,2.640678387799421,2.6345961490286913,1.7948989021719666,0.04680851063829783,0.022659716691318693,-0.03297872340425534,0.04680851063829783,2,,,,,,,,,,,,,,,,
multimodal,mlp,blended normalized residual gamma=0.75,0.9066666666666666,0.006666666666666599,2.623912338044307,2.620813549821672,1.8289356233888592,0.05957446808510636,0.03064555125725338,-0.05957446808510636,0.0518716577540107,2,,,,,,,,,,,,,,,,
multimodal,mlp,oracle local normalization,0.9013333333333333,0.0013333333333332975,3.0845039589364016,3.0982361586646214,6.295022314153914,0.30957446808510636,0.10861375014222321,-0.30957446808510636,0.09999999999999998,2,,,,,,,,,,,,,,,,
multimodal,mlp,gmm density level set (2 comp),0.9053333333333333,0.005333333333333301,2.6288573811508793,2.6288573811508797,2.0925369759726795,0.07553191489361699,0.03462780179770167,-0.07553191489361699,0.057446808510638325,2,,,,,,,,,,,,,,,,
multimodal,mlp,conditional two-mode density level set,0.92,0.020000000000000018,1.84790706615419,1.848192559313759,2.149851421988295,0.1340425531914894,0.07532640232108316,-0.1340425531914894,0.09999999999999998,2,0.030851063829787195,0.019988764364546566,0.009090909090909038,0.030851063829787195,0.04117647058823526,0.020002986687905316,0.0037433155080213165,0.04117647058823526,0.04117647058823526,0.020002986687905316,0.0037433155080213165,0.04117647058823526,0.06256684491978604,0.032832944589828175,-0.022340425531914954,0.06256684491978604
multimodal,cqr_gbrt,absolute residual,0.894,-0.006000000000000005,2.3449553091977564,2.3449553091977564,1.1724776545988782,0.09680851063829787,0.04504138696097394,-0.09680851063829787,0.06256684491978604,0,,,,,,,,,,,,,,,,
multimodal,cqr_gbrt,conformalized quantile regression,0.8813333333333333,-0.01866666666666672,2.2394223295221747,2.229069925419126,0.014616115836953547,0.043617021276595724,0.019731340311753345,-0.043617021276595724,0.004255319148936176,0,,,,,,,,,,,,,,,,
multimodal,cqr_gbrt,conditional two-mode density level set,0.904,0.0040000000000000036,1.8481333769138713,1.8464585084889995,2.0536518619349753,0.1127659574468085,0.07728766071225394,-0.1127659574468085,0.09999999999999998,0,0.08085106382978724,0.03320201388098759,-0.08085106382978724,0.04652406417112298,0.08085106382978724,0.03131186710661052,-0.08085106382978724,0.04148936170212769,0.08085106382978724,0.03131186710661052,-0.08085106382978724,0.04148936170212769,0.0648936170212766,0.0221413130048925,-0.0648936170212766,0.030481283422459926
multimodal,cqr_gbrt,absolute residual,0.8833333333333333,-0.01666666666666672,2.3269621926581583,2.3269621926581587,1.1634810963290794,0.07112299465240646,0.042640658778017995,-0.07112299465240646,0.06808510638297871,1,,,,,,,,,,,,,,,,
multimodal,cqr_gbrt,conformalized quantile regression,0.8846666666666667,-0.01533333333333331,2.2760036364680567,2.2462749471937866,0.03593293065663694,0.05508021390374329,0.020410456252133363,-0.05508021390374329,0.02021276595744681,1,,,,,,,,,,,,,,,,
multimodal,cqr_gbrt,conditional two-mode density level set,0.888,-0.01200000000000001,1.7633642932466156,1.764496094106137,2.0550874888968167,0.13936170212765964,0.07463164182500855,-0.13936170212765964,0.09468085106382973,1,0.033689839572192515,0.016542695414722947,-0.033689839572192515,0.01443850267379676,0.07112299465240646,0.02068139151211744,-0.07112299465240646,0.02021276595744681,0.07112299465240646,0.02068139151211744,-0.07112299465240646,0.02021276595744681,0.04438502673796796,0.019330270793036744,-0.04438502673796796,0.019786096256684482
multimodal,cqr_gbrt,absolute residual,0.904,0.0040000000000000036,2.363178863986877,2.3631788639868767,1.1815894319934384,0.10212765957446812,0.03824809420866991,-0.10212765957446812,0.07326203208556148,2,,,,,,,,,,,,,,,,
multimodal,cqr_gbrt,conformalized quantile regression,0.9,0.0,2.282754316591219,2.2767232051799744,0.011407869273727833,0.07112299465240646,0.038542496302195944,-0.07112299465240646,0.057446808510638325,2,,,,,,,,,,,,,,,,
multimodal,cqr_gbrt,conditional two-mode density level set,0.92,0.020000000000000018,1.84790706615419,1.848192559313759,2.149851421988295,0.1340425531914894,0.07532640232108316,-0.1340425531914894,0.09999999999999998,2,0.030851063829787195,0.019988764364546566,0.009090909090909038,0.030851063829787195,0.04117647058823526,0.020002986687905316,0.0037433155080213165,0.04117647058823526,0.04117647058823526,0.020002986687905316,0.0037433155080213165,0.04117647058823526,0.06256684491978604,0.032832944589828175,-0.022340425531914954,0.06256684491978604
