setting,model_family,method,coverage_mean,coverage_sd,coverage_error_mean,avg_length_mean,avg_length_sd,median_length_mean,max_abs_cond_error_mean,mean_abs_cond_error_mean,worst_undercoverage_mean,worst_overcoverage_mean,pi_upper_max_abs_cond_error_mean,pi_upper_mean_abs_cond_error_mean,pi_upper_worst_undercoverage_mean,pi_upper_worst_overcoverage_mean,mode_entropy_max_abs_cond_error_mean,mode_entropy_mean_abs_cond_error_mean,mode_entropy_worst_undercoverage_mean,mode_entropy_worst_overcoverage_mean,mode_margin_max_abs_cond_error_mean,mode_margin_mean_abs_cond_error_mean,mode_margin_worst_undercoverage_mean,mode_margin_worst_overcoverage_mean,mode_separation_max_abs_cond_error_mean,mode_separation_mean_abs_cond_error_mean,mode_separation_worst_undercoverage_mean,mode_separation_worst_overcoverage_mean,length_reduction_vs_abs_pct
heavy_tail,cqr_gbrt,absolute residual,0.9015555555555556,0.0013877773329773935,0.0015555555555555323,1.3020043415213685,0.013144149287283018,1.3020043415213685,0.10070921985815606,0.054189896461485955,-0.09858156028368799,0.09112527022414381,,,,,,,,,,,,,,,,,0.0
heavy_tail,cqr_gbrt,conformalized quantile regression,0.9062222222222222,0.009341266469770532,0.006222222222222166,1.3589084937711002,0.007483446707569702,1.3073415522886276,0.05660105434823833,0.02297426707626958,-0.042355975272120504,0.04495960860166115,,,,,,,,,,,,,,,,,-4.370504032516536
heavy_tail,krr,absolute residual,0.9026666666666667,0.011372481406154659,0.002666666666666669,1.9957933277540232,0.04580476907146222,1.9957933277540227,0.1127659574468085,0.05301418439716312,-0.1127659574468085,0.09290780141843973,,,,,,,,,,,,,,,,,0.0
heavy_tail,krr,gmm density level set (1 comp),0.9026666666666667,0.011372481406154659,0.002666666666666669,1.997219905476726,0.046864181274850876,1.997219905476726,0.1127659574468085,0.05301418439716312,-0.1127659574468085,0.09290780141843973,,,,,,,,,,,,,,,,,-0.07147923098370723
heavy_tail,krr,oracle local normalization,0.9086666666666666,0.0052068331172711105,0.008666666666666637,2.0598702740096777,0.01595045701614629,2.049540288071812,0.044836348465885356,0.024400054992983648,-0.026351120719080672,0.044836348465885356,,,,,,,,,,,,,,,,,-3.2106002843372496
heavy_tail,krr,blended normalized residual gamma=0.75,0.9057777777777778,0.006194382162118401,0.005777777777777733,2.100617219152147,0.04045678053688425,1.9771447837330811,0.09078014184397165,0.04996468123032579,-0.08971631205673762,0.08758865248226948,,,,,,,,,,,,,,,,,-5.252241799810394
heavy_tail,krr,blended normalized residual gamma=0.50,0.9,0.00835330939076111,-3.700743415417188e-17,2.399912399810648,0.07323109304229918,2.1385109483913514,0.09078014184397165,0.04325530018583835,-0.08794326241134753,0.075177304964539,,,,,,,,,,,,,,,,,-20.24854309496077
heavy_tail,krr,blended normalized residual gamma=0.25,0.8984444444444444,0.007343427396381476,-0.0015555555555555693,3.3044176493777235,0.14365017791833645,2.800584724029688,0.0652482269503546,0.032370482041946355,-0.06312056737588652,0.0556737588652482,,,,,,,,,,,,,,,,,-65.56913000086877
heavy_tail,krr,stabilized normalized residual,0.9004444444444445,0.0036717136981907874,0.0004444444444443955,7.632452435414723,0.4181762939169468,6.171273490991045,0.047517730496453914,0.02442446998141616,-0.04361702127659576,0.04503546099290782,,,,,,,,,,,,,,,,,-282.4269942822158
heavy_tail,krr,locally normalized residual,0.8966666666666666,0.005773502691896279,-0.0033333333333333734,68.33491108535402,7.073380712836684,50.30858443250242,0.03924792354078962,0.01963676186141768,-0.03475177304964542,0.028831493912845563,,,,,,,,,,,,,,,,,-3323.9472662359826
heavy_tail,mlp,blended normalized residual gamma=0.25,0.9044444444444445,0.004438885412319636,0.004444444444444399,1.372864876662413,0.009133675911320447,1.3210461016263588,0.08475177304964543,0.02788428717715327,-0.05957446808510639,0.06808510638297875,,,,,,,,,,,,,,,,,4.413966648820995
heavy_tail,mlp,blended normalized residual gamma=0.50,0.9071111111111111,0.003150543750835062,0.007111111111111068,1.377898333972207,0.0084179430966264,1.3419519345287385,0.09007092198581564,0.037521333485038125,-0.0790780141843972,0.075177304964539,,,,,,,,,,,,,,,,,4.0635110238978855
heavy_tail,mlp,blended normalized residual gamma=0.75,0.9031111111111111,0.005091750772173152,0.0031111111111110645,1.3834574090463245,0.003945881777283376,1.364744011105424,0.12624113475177304,0.04920710547275003,-0.1145390070921986,0.08580612128797356,,,,,,,,,,,,,,,,,3.676459141029326
heavy_tail,mlp,oracle local normalization,0.906888888888889,0.00781262036944305,0.006888888888888871,1.3851302308929192,0.016603814512524427,1.3780650543901551,0.05449615049114424,0.02376882087457806,-0.04383509690142987,0.0394982364319035,,,,,,,,,,,,,,,,,3.5599885345353277
heavy_tail,mlp,stabilized normalized residual,0.9051111111111112,0.009714441330842006,0.005111111111111104,1.3972264317155025,0.02001790219203123,1.3293051593712835,0.0687943262411348,0.023315128759434145,-0.042261159783062184,0.04858156028368795,,,,,,,,,,,,,,,,,2.7177877652499136
heavy_tail,mlp,gmm density level set (1 comp),0.9002222222222223,0.0053472041846737255,0.00022222222222219776,1.4211843202668462,0.03057598462022145,1.4211843202668462,0.15638297872340431,0.06173128342245989,-0.1535460992907802,0.09113475177304964,,,,,,,,,,,,,,,,,1.0497142548692695
heavy_tail,mlp,absolute residual,0.902,0.003055050463303899,0.001999999999999965,1.4362609562618485,0.018415039214857664,1.4362609562618485,0.15283687943262414,0.06262254901960784,-0.15000000000000002,0.09290780141843973,,,,,,,,,,,,,,,,,0.0
heavy_tail,mlp,locally normalized residual,0.9044444444444445,0.01193190556325225,0.004444444444444436,1.4406642605280737,0.02809471310713652,1.3593741060621747,0.05106382978723404,0.023405440512762166,-0.035187924299313576,0.04326241134751774,,,,,,,,,,,,,,,,,-0.3065810740748482
heavy_tail,rf,oracle local normalization,0.8964444444444445,0.006710963942462909,-0.003555555555555608,1.275224581768225,0.012323798686833193,1.2688200417930096,0.05000000000000001,0.021399618841733973,-0.04739067774111579,0.03262411347517732,,,,,,,,,,,,,,,,,4.0340659896324
heavy_tail,rf,blended normalized residual gamma=0.50,0.9053333333333332,0.004618802153516994,0.005333333333333264,1.2887625364633681,0.02630964812668428,1.2506356181697065,0.07163120567375887,0.028207133917396748,-0.04565555429134908,0.07163120567375887,,,,,,,,,,,,,,,,,3.0152788007060374
heavy_tail,rf,blended normalized residual gamma=0.25,0.9057777777777778,0.008009253907084523,0.005777777777777771,1.2945417306342122,0.013435045482759134,1.2391168788097724,0.060926536959077605,0.024300498729472434,-0.03190730837789665,0.060926536959077605,,,,,,,,,,,,,,,,,2.580370491721509
heavy_tail,rf,blended normalized residual gamma=0.75,0.9048888888888889,0.0053886025124364875,0.004888888888888869,1.298708949321423,0.019579124163018664,1.2787531185136438,0.07872340425531914,0.037664504873516136,-0.05983995145446963,0.07872340425531914,,,,,,,,,,,,,,,,,2.2667700175296397
heavy_tail,rf,stabilized normalized residual,0.9037777777777777,0.010463339881772081,0.003777777777777769,1.3217536620855297,0.010867302989337479,1.2489004230280767,0.04765995373004132,0.020966549095460228,-0.03190730837789665,0.04124284143057607,,,,,,,,,,,,,,,,,0.5325598901325777
heavy_tail,rf,absolute residual,0.9033333333333333,0.0043716256828680265,0.0033333333333332993,1.3288304802310966,0.019629635915620353,1.3288304802310966,0.09716312056737586,0.0504110251450677,-0.09001972162172416,0.09112527022414378,,,,,,,,,,,,,,,,,0.0
heavy_tail,rf,gmm density level set (1 comp),0.9035555555555556,0.004438885412319603,0.003555555555555497,1.3322212955240076,0.016791402691733258,1.3322212955240076,0.09716312056737586,0.05018939393939394,-0.09001972162172416,0.09112527022414378,,,,,,,,,,,,,,,,,-0.2551729015367911
heavy_tail,rf,locally normalized residual,0.9022222222222221,0.013732901827093613,0.0022222222222221997,1.358874957946863,0.017391293341455633,1.2592618722642248,0.045877422535745414,0.023137349717449827,-0.04060188872454207,0.03782948382447752,,,,,,,,,,,,,,,,,-2.260971445397718
heteroskedastic,cqr_gbrt,conformalized quantile regression,0.902888888888889,0.009197423149588818,0.0028888888888888666,1.6968647166964004,0.011608008804435957,1.6234215162885992,0.05798536048848938,0.02555751507566276,-0.04942921075586911,0.05008912655971476,,,,,,,,,,,,,,,,,10.898228645229288
heteroskedastic,cqr_gbrt,absolute residual,0.9033333333333333,0.012346839451634773,0.003333333333333336,1.9044118774475367,0.012044062256621312,1.9044118774475371,0.19302726893465316,0.08823482004020176,-0.19302726893465316,0.09999999999999998,,,,,,,,,,,,,,,,,0.0
heteroskedastic,krr,absolute residual,0.9113333333333333,0.002309401076758497,0.011333333333333343,2.579204517571725,0.0392334082488813,2.5792045175717253,0.14509803921568631,0.07970403345090453,-0.14509803921568631,0.09999999999999998,,,,,,,,,,,,,,,,,0.0
heteroskedastic,krr,gmm density level set (1 comp),0.9113333333333333,0.002309401076758497,0.011333333333333343,2.5799277175423185,0.0407679794936287,2.5799277175423185,0.14509803921568631,0.07970403345090453,-0.14509803921568631,0.09999999999999998,,,,,,,,,,,,,,,,,-0.02803965198054742
heteroskedastic,krr,oracle local normalization,0.9051111111111112,0.01740157506706832,0.005111111111111104,2.607203533115635,0.07203603080423701,2.58764422309705,0.1393617021276596,0.05761771342966587,-0.1393617021276596,0.07163120567375887,,,,,,,,,,,,,,,,,-1.0855678699830527
heteroskedastic,krr,blended normalized residual gamma=0.75,0.9086666666666666,0.0013333333333333253,0.008666666666666637,2.6826678356351743,0.019986447351709593,2.52658999146449,0.13581560283687943,0.06912001744604997,-0.13581560283687943,0.09822695035460989,,,,,,,,,,,,,,,,,-4.0114429607489335
heteroskedastic,krr,blended normalized residual gamma=0.50,0.908,0.003527668414752855,0.00799999999999997,3.167244882065105,0.015545766681494187,2.82611783471464,0.11276595744680855,0.055125251261046004,-0.11276595744680855,0.08936170212765955,,,,,,,,,,,,,,,,,-22.79929181602899
heteroskedastic,krr,blended normalized residual gamma=0.25,0.9017777777777778,0.0010183501544346553,0.00177777777777773,4.365643547536956,0.1547036733310611,3.7101417686145557,0.08758485986270718,0.0396241039936284,-0.08297493078469298,0.07872340425531914,,,,,,,,,,,,,,,,,-69.26317854185257
heteroskedastic,krr,stabilized normalized residual,0.8993333333333333,0.007571877794400362,-0.0006666666666666673,10.4860743519841,0.7002703407953998,8.528076780008197,0.05313080744870483,0.02679509424659612,-0.045930519209618104,0.05212765957446808,,,,,,,,,,,,,,,,,-306.56234434082614
heteroskedastic,krr,locally normalized residual,0.8982222222222221,0.011001683372876955,-0.001777777777777804,115.4334260711485,16.54408775825536,85.63934105386345,0.04866310160427808,0.021651828042629048,-0.042374938369932114,0.04316759585845942,,,,,,,,,,,,,,,,,-4375.543730042277
heteroskedastic,mlp,stabilized normalized residual,0.9031111111111111,0.013238552007650171,0.0031111111111111014,1.784102221272822,0.033810996753392504,1.6632997798721068,0.08758865248226948,0.037675408654757846,-0.04769408730610233,0.08758865248226948,,,,,,,,,,,,,,,,,10.258996007271842
heteroskedastic,mlp,blended normalized residual gamma=0.25,0.9082222222222223,0.003421067626297931,0.008222222222222205,1.7853021822100965,0.0061262752410479,1.691326170358808,0.09822695035460989,0.053409802025258836,-0.07082906663632575,0.09822695035460989,,,,,,,,,,,,,,,,,10.198637526698766
heteroskedastic,mlp,blended normalized residual gamma=0.50,0.9024444444444444,0.0040184758488944865,0.002444444444444397,1.807667020697494,0.03334824211933263,1.7417677653679118,0.11313573785413585,0.07028814427124815,-0.11313573785413585,0.09999999999999998,,,,,,,,,,,,,,,,,9.073677848904973
heteroskedastic,mlp,locally normalized residual,0.9037777777777777,0.010117824389184136,0.003777777777777769,1.8185102675055278,0.01467525230752281,1.6790189677271552,0.06453900709219855,0.02532616528236054,-0.038790912883528685,0.06453900709219855,,,,,,,,,,,,,,,,,8.528258509423589
heteroskedastic,mlp,oracle local normalization,0.9044444444444445,0.010859370420329431,0.004444444444444436,1.8390839806030652,0.013348523988988292,1.8256163116654782,0.06939924906132666,0.02443134410437287,-0.0648936170212766,0.04295900178253117,,,,,,,,,,,,,,,,,7.493393103609482
heteroskedastic,mlp,blended normalized residual gamma=0.75,0.8951111111111111,0.0061943821621183864,-0.004888888888888905,1.8702957712311488,0.05854135183969172,1.8347759271375275,0.15931088102552438,0.08294838244775667,-0.15931088102552438,0.09999999999999998,,,,,,,,,,,,,,,,,5.923428449130909
heteroskedastic,mlp,absolute residual,0.8953333333333333,0.0041633319989321975,-0.004666666666666708,1.988056899182218,0.05911224579120366,1.9880568991822185,0.2120567375886525,0.09604951264838624,-0.2120567375886525,0.09999999999999998,,,,,,,,,,,,,,,,,0.0
heteroskedastic,mlp,gmm density level set (1 comp),0.8951111111111111,0.006012333003763876,-0.004888888888888905,1.992771754239584,0.05555739114504925,1.992771754239584,0.20851063829787234,0.09671203587818106,-0.20851063829787234,0.09999999999999998,,,,,,,,,,,,,,,,,-0.23715895955016936
heteroskedastic,rf,blended normalized residual gamma=0.25,0.9086666666666666,0.001763834207376404,0.008666666666666637,1.6758819643263159,0.013586411416843575,1.6365556592564359,0.0975329009747032,0.047109549816057944,-0.08154321689991277,0.09290780141843968,,,,,,,,,,,,,,,,,14.079139168341646
heteroskedastic,rf,oracle local normalization,0.9035555555555556,0.0046825127790457045,0.003555555555555534,1.6913431044440561,0.01764923614997207,1.6791551628479164,0.03451663063678082,0.019383130428186745,-0.030124777183600737,0.02907801418439711,,,,,,,,,,,,,,,,,13.28646134458504
heteroskedastic,rf,stabilized normalized residual,0.9042222222222221,0.00509175077217317,0.004222222222222165,1.6926863061428807,0.02991457041683443,1.6412171066567407,0.07546744036105739,0.02995956119391664,-0.06755793226381464,0.06099290780141842,,,,,,,,,,,,,,,,,13.217596681864029
heteroskedastic,rf,blended normalized residual gamma=0.50,0.9082222222222223,0.0013877773329774735,0.008222222222222167,1.7157405886060928,0.01177127843593786,1.688185547246337,0.11245496264269732,0.06541107255281221,-0.10429893427390298,0.09999999999999998,,,,,,,,,,,,,,,,,12.035625733276573
heteroskedastic,rf,locally normalized residual,0.902888888888889,0.0031505437508350825,0.0028888888888888666,1.7579470484444712,0.05580409313915672,1.6860282459952496,0.0450980392156863,0.020674517389160693,-0.044385026737967924,0.032500853339401524,,,,,,,,,,,,,,,,,9.871741021128562
heteroskedastic,rf,blended normalized residual gamma=0.75,0.9091111111111111,0.0016777409856157065,0.00911111111111107,1.7951966127603114,0.03262203214229951,1.780390974408669,0.1255850115674897,0.07517588273220314,-0.1255850115674897,0.09999999999999998,,,,,,,,,,,,,,,,,7.961991587845667
heteroskedastic,rf,gmm density level set (1 comp),0.9071111111111111,0.004073400617738536,0.007111111111111068,1.9482902418681647,0.023113271827440662,1.9482902418681647,0.17304964539007095,0.08623658360829824,-0.17304964539007095,0.09999999999999998,,,,,,,,,,,,,,,,,0.11302806846254253
heteroskedastic,rf,absolute residual,0.9071111111111111,0.004073400617738536,0.007111111111111068,1.9504948485209093,0.021262295540167942,1.9504948485209095,0.17304964539007095,0.08623658360829824,-0.17304964539007095,0.09999999999999998,,,,,,,,,,,,,,,,,0.0
homoskedastic,cqr_gbrt,absolute residual,0.8986666666666666,0.0024037008503092964,-0.0013333333333333715,0.83870449441996,0.005658819828338964,0.8387044944199601,0.001777777777777767,0.001777777777777767,-0.0013333333333333715,-0.0013333333333333715,,,,,,,,,,,,,,,,,0.0
homoskedastic,cqr_gbrt,conformalized quantile regression,0.9042222222222223,0.012950046474963088,0.004222222222222201,0.8766690812165846,0.01054482074048321,0.8787092710821273,0.010888888888888873,0.010888888888888873,0.004222222222222201,0.004222222222222201,,,,,,,,,,,,,,,,,-4.526574860300536
homoskedastic,krr,gmm density level set (1 comp),0.9062222222222222,0.017260530870338922,0.006222222222222203,1.3433416736168624,0.04289641706307551,1.3433416736168624,0.015111111111111075,0.015111111111111075,0.006222222222222203,0.006222222222222203,,,,,,,,,,,,,,,,,0.07260010850156905
homoskedastic,krr,absolute residual,0.9062222222222222,0.017260530870338922,0.006222222222222203,1.3443176496891425,0.0411923473742974,1.3443176496891425,0.015111111111111075,0.015111111111111075,0.006222222222222203,0.006222222222222203,,,,,,,,,,,,,,,,,0.0
homoskedastic,krr,oracle local normalization,0.9062222222222222,0.017260530870338922,0.006222222222222203,1.3443176496891425,0.0411923473742974,1.3443176496891425,0.015111111111111075,0.015111111111111075,0.006222222222222203,0.006222222222222203,,,,,,,,,,,,,,,,,0.0
homoskedastic,krr,blended normalized residual gamma=0.75,0.902,0.015677301355073097,0.0020000000000000018,1.4496226540493924,0.05034162305339457,1.3828691572366167,0.010888888888888873,0.010888888888888873,0.0020000000000000018,0.0020000000000000018,,,,,,,,,,,,,,,,,-7.833342393786205
homoskedastic,krr,blended normalized residual gamma=0.50,0.8997777777777779,0.015207210765267213,-0.00022222222222223476,1.7848852552185033,0.034546245764102784,1.6308693161183119,0.011777777777777776,0.011777777777777776,-0.00022222222222223476,-0.00022222222222223476,,,,,,,,,,,,,,,,,-32.77258210745332
homoskedastic,krr,blended normalized residual gamma=0.25,0.9004444444444445,0.0061943821621184446,0.0004444444444443955,2.521498001138523,0.03756497762009884,2.2142378661303685,0.004444444444444473,0.004444444444444473,0.0004444444444443955,0.0004444444444443955,,,,,,,,,,,,,,,,,-87.56712758488214
homoskedastic,krr,stabilized normalized residual,0.8991111111111111,0.0027755546659548715,-0.000888888888888902,5.909564407730937,0.1716565597358006,5.00315474045052,0.001777777777777767,0.001777777777777767,-0.000888888888888902,-0.000888888888888902,,,,,,,,,,,,,,,,,-339.5958357831166
homoskedastic,krr,locally normalized residual,0.8995555555555556,0.009341266469770506,-0.0004444444444444695,40.211213255765166,4.800308907081249,31.743641785794058,0.006222222222222203,0.006222222222222203,-0.0004444444444444695,-0.0004444444444444695,,,,,,,,,,,,,,,,,-2891.1987888475264
homoskedastic,mlp,gmm density level set (1 comp),0.9066666666666667,0.011718930554164626,0.006666666666666672,0.931887684181234,0.010191994873407061,0.931887684181234,0.008000000000000007,0.008000000000000007,0.006666666666666672,0.006666666666666672,,,,,,,,,,,,,,,,,0.23061505660211049
homoskedastic,mlp,blended normalized residual gamma=0.75,0.9071111111111111,0.01164919326407211,0.007111111111111105,0.9332982650575131,0.010240861805383075,0.9318748327795116,0.00888888888888891,0.00888888888888891,0.007111111111111105,0.007111111111111105,,,,,,,,,,,,,,,,,0.07959601339741973
homoskedastic,mlp,absolute residual,0.9066666666666666,0.007512951779723118,0.006666666666666636,0.9340417250341088,0.00593626502901348,0.9340417250341088,0.006666666666666636,0.006666666666666636,0.006666666666666636,0.006666666666666636,,,,,,,,,,,,,,,,,0.0
homoskedastic,mlp,oracle local normalization,0.9066666666666666,0.007512951779723118,0.006666666666666636,0.9340417250341088,0.00593626502901348,0.9340417250341088,0.006666666666666636,0.006666666666666636,0.006666666666666636,0.006666666666666636,,,,,,,,,,,,,,,,,0.0
homoskedastic,mlp,blended normalized residual gamma=0.50,0.9044444444444445,0.01211671633796947,0.004444444444444436,0.9382631758613301,0.01033080646647882,0.935469127408341,0.00799999999999997,0.00799999999999997,0.004444444444444436,0.004444444444444436,,,,,,,,,,,,,,,,,-0.4519552728832543
homoskedastic,mlp,blended normalized residual gamma=0.25,0.9039999999999999,0.011547005383792509,0.003999999999999966,0.9479622742393703,0.00733147143662291,0.9438229914046324,0.007555555555555575,0.007555555555555575,0.003999999999999966,0.003999999999999966,,,,,,,,,,,,,,,,,-1.4903562477097254
homoskedastic,mlp,stabilized normalized residual,0.9044444444444445,0.011181996111474827,0.004444444444444399,0.9604097879880239,0.0036445055266076153,0.9549398575522737,0.007111111111111142,0.007111111111111142,0.004444444444444399,0.004444444444444399,,,,,,,,,,,,,,,,,-2.8230069650209946
homoskedastic,mlp,locally normalized residual,0.9048888888888889,0.012513696200267665,0.004888888888888869,0.969573395382009,0.009531567595566177,0.9623663089387423,0.008000000000000007,0.008000000000000007,0.004888888888888869,0.004888888888888869,,,,,,,,,,,,,,,,,-3.804077419196959
homoskedastic,rf,oracle local normalization,0.9026666666666667,0.0052068331172711105,0.002666666666666632,0.855882635671532,0.009046529480969583,0.855882635671532,0.0031111111111111014,0.0031111111111111014,0.002666666666666632,0.002666666666666632,,,,,,,,,,,,,,,,,1.2971673665911764e-14
homoskedastic,rf,absolute residual,0.9026666666666667,0.0052068331172711105,0.002666666666666632,0.8558826356715321,0.009046529480969486,0.8558826356715321,0.0031111111111111014,0.0031111111111111014,0.002666666666666632,0.002666666666666632,,,,,,,,,,,,,,,,,0.0
homoskedastic,rf,gmm density level set (1 comp),0.9026666666666667,0.0052068331172711105,0.002666666666666632,0.8562691131498212,0.013889347786262458,0.8562691131498212,0.0031111111111111014,0.0031111111111111014,0.002666666666666632,0.002666666666666632,,,,,,,,,,,,,,,,,-0.045155429282181136
homoskedastic,rf,blended normalized residual gamma=0.75,0.9037777777777777,0.004914076530554646,0.003777777777777769,0.8579831663836113,0.015510946756127568,0.8565204317361296,0.003777777777777769,0.003777777777777769,0.003777777777777769,0.003777777777777769,,,,,,,,,,,,,,,,,-0.24542275126671664
homoskedastic,rf,blended normalized residual gamma=0.50,0.9042222222222223,0.005388602512436517,0.004222222222222201,0.8586477684504539,0.009858118941867588,0.8557967563799936,0.0046666666666666705,0.0046666666666666705,0.004222222222222201,0.004222222222222201,,,,,,,,,,,,,,,,,-0.32307382620891933
homoskedastic,rf,blended normalized residual gamma=0.25,0.906,0.006359594676112959,0.005999999999999968,0.8640305535030105,0.009066530571903488,0.8598345092302319,0.005999999999999968,0.005999999999999968,0.005999999999999968,0.005999999999999968,,,,,,,,,,,,,,,,,-0.9519900850757969
homoskedastic,rf,stabilized normalized residual,0.9071111111111111,0.007190528749939307,0.007111111111111105,0.8724824991753796,0.011126725142336561,0.8669641815101224,0.007111111111111105,0.007111111111111105,0.007111111111111105,0.007111111111111105,,,,,,,,,,,,,,,,,-1.939502311648498
homoskedastic,rf,locally normalized residual,0.9051111111111111,0.008802356586817037,0.005111111111111066,0.8794110699296424,0.006877708533347509,0.8725476368161944,0.006888888888888871,0.006888888888888871,0.005111111111111066,0.005111111111111066,,,,,,,,,,,,,,,,,-2.7490257749708467
multimodal,cqr_gbrt,conditional two-mode density level set,0.904,0.016000000000000014,0.0040000000000000036,1.819801578771559,0.04887625397069599,1.8197157206362984,0.12872340425531917,0.07574856828611522,-0.12872340425531917,0.09822695035460989,0.04846398907725565,0.023244491220085702,-0.03514999810369024,0.030604543558235647,0.06438350969014299,0.023998748435544424,-0.04941024765805746,0.034292866082603256,0.06438350969014299,0.023998748435544424,-0.04941024765805746,0.034292866082603256,0.05728182955967687,0.024768176129252473,-0.043873023097053175,0.03761140819964348,22.397584163573143
multimodal,cqr_gbrt,conformalized quantile regression,0.8886666666666666,0.009955456348712052,-0.011333333333333343,2.2660600941938167,0.023314604876721764,2.2506893592642956,0.05660674327758183,0.02622809762202755,-0.05660674327758183,0.027304964539007104,,,,,,,,,,,,,,,,,3.367630959706963
multimodal,cqr_gbrt,absolute residual,0.8937777777777778,0.010335125292652016,-0.00622222222222224,2.345032121947597,0.018108457849359157,2.345032121947597,0.09001972162172416,0.04197671331588728,-0.09001972162172416,0.06797132779610875,,,,,,,,,,,,,,,,,0.0
multimodal,krr,conditional two-mode density level set,0.904,0.016000000000000014,0.0040000000000000036,1.819801578771559,0.04887625397069599,1.8197157206362984,0.12872340425531917,0.07574856828611522,-0.12872340425531917,0.09822695035460989,0.04846398907725565,0.023244491220085702,-0.03514999810369024,0.030604543558235647,0.06438350969014299,0.023998748435544424,-0.04941024765805746,0.034292866082603256,0.06438350969014299,0.023998748435544424,-0.04941024765805746,0.034292866082603256,0.05728182955967687,0.024768176129252473,-0.043873023097053175,0.03761140819964348,52.14884809080098
multimodal,krr,absolute residual,0.8913333333333333,0.007423685817106745,-0.008666666666666675,3.803046543633396,0.04929302009624386,3.803046543633396,0.048226950354609964,0.020256144043690985,-0.04361702127659576,0.030718322145105614,,,,,,,,,,,,,,,,,0.0
multimodal,krr,gmm density level set (2 comp),0.8915555555555555,0.007726817178095003,-0.008444444444444477,3.8076174589934904,0.04686418127485091,3.807617458993491,0.048226950354609964,0.02003451283801723,-0.04184397163120571,0.030718322145105614,,,,,,,,,,,,,,,,,-0.12019088663920383
multimodal,krr,blended normalized residual gamma=0.75,0.8942222222222221,0.013487991915994188,-0.005777777777777808,4.143939564962227,0.1272782968587389,3.927102169284431,0.04212841809838056,0.0216847764250768,-0.04212841809838056,0.03426442143588574,,,,,,,,,,,,,,,,,-8.96368260071687
multimodal,krr,oracle local normalization,0.8831111111111111,0.0184912391668575,-0.016888888888888915,4.287568304303594,0.11031342972333204,4.267903535917977,0.22624113475177307,0.09822481700610612,-0.22624113475177307,0.09468085106382977,,,,,,,,,,,,,,,,,-12.7403584234678
multimodal,krr,blended normalized residual gamma=0.50,0.8973333333333334,0.0046666666666666246,-0.002666666666666669,5.153402413693649,0.19912034886071403,4.653863185812664,0.04645390070921988,0.018345374900443735,-0.043873023097053175,0.03603747108127583,,,,,,,,,,,,,,,,,-35.507213876223965
multimodal,krr,blended normalized residual gamma=0.25,0.9015555555555554,0.013700500126042998,0.0015555555555554952,7.509753435438502,0.4044011793285642,6.493822984709545,0.05106382978723404,0.021152150415291834,-0.03499829332119697,0.04312966966283612,,,,,,,,,,,,,,,,,-97.46677694519491
multimodal,krr,stabilized normalized residual,0.9053333333333334,0.009404490653110583,0.005333333333333301,18.12258185536709,1.7684797160248074,15.076004222712905,0.05460992907801421,0.021813488451473437,-0.036752379868775366,0.04858156028368795,,,,,,,,,,,,,,,,,-376.52800583536754
multimodal,krr,locally normalized residual,0.9037777777777777,0.012388764324236783,0.003777777777777769,331.1319822025786,73.01875636302178,259.18070229818983,0.05486593089847158,0.02265568703303371,-0.035007774870102794,0.052013880987598106,,,,,,,,,,,,,,,,,-8607.018922945344
multimodal,mlp,conditional two-mode density level set,0.904,0.016000000000000014,0.0040000000000000036,1.819801578771559,0.04887625397069599,1.8197157206362984,0.12872340425531917,0.07574856828611522,-0.12872340425531917,0.09822695035460989,0.04846398907725565,0.023244491220085702,-0.03514999810369024,0.030604543558235647,0.06438350969014299,0.023998748435544424,-0.04941024765805746,0.034292866082603256,0.06438350969014299,0.023998748435544424,-0.04941024765805746,0.034292866082603256,0.05728182955967687,0.024768176129252473,-0.043873023097053175,0.03761140819964348,32.3813261750638
multimodal,mlp,gmm density level set (2 comp),0.9062222222222222,0.004729732589731691,0.006222222222222203,2.666666666666586,0.040218273717041404,2.666666666666586,0.07127659574468086,0.03838059885462889,-0.06515910039063984,0.05921985815602837,,,,,,,,,,,,,,,,,0.9142174418384587
multimodal,mlp,blended normalized residual gamma=0.75,0.906888888888889,0.001018350154434637,0.006888888888888871,2.687519892227192,0.0580462252087599,2.684636640891417,0.05985891455228124,0.035054945575909276,-0.05985891455228124,0.05558842492509578,,,,,,,,,,,,,,,,,0.13937062676299758
multimodal,mlp,blended normalized residual gamma=0.50,0.9064444444444444,0.002143033502442925,0.0064444444444444375,2.6881197600484295,0.05303942552953163,2.6825025157925246,0.04858156028368791,0.028837419880911746,-0.042365456821026326,0.04858156028368791,,,,,,,,,,,,,,,,,0.11708123707596176
multimodal,mlp,absolute residual,0.9071111111111111,0.005091750772173152,0.007111111111111068,2.6912707331158248,0.06530532106705077,2.691270733115825,0.06872416277923162,0.03825402017673607,-0.06872416277923162,0.05558842492509578,,,,,,,,,,,,,,,,,0.0
multimodal,mlp,blended normalized residual gamma=0.25,0.9051111111111112,0.0037908271353848323,0.005111111111111104,2.6949183419148817,0.05164884360483324,2.6866687669837765,0.041489361702127615,0.023815991580384565,-0.03345280084954683,0.041489361702127615,,,,,,,,,,,,,,,,,-0.1355348146202249
multimodal,mlp,stabilized normalized residual,0.9071111111111111,0.004438885412319556,0.007111111111111105,2.7135277799837785,0.0630751632363662,2.702723563966393,0.0442181514772253,0.021375677930746757,-0.03499829332119697,0.041489361702127615,,,,,,,,,,,,,,,,,-0.8270088398793519
multimodal,mlp,locally normalized residual,0.9073333333333333,0.001763834207376357,0.007333333333333303,2.7261638332623437,0.05828395784500583,2.714402155701123,0.03533394015246331,0.01760202146622671,-0.024568589524784763,0.03439716312056736,,,,,,,,,,,,,,,,,-1.2965288002118371
multimodal,mlp,oracle local normalization,0.9006666666666666,0.0024037008503092964,0.0006666666666666302,3.103795659881438,0.020722596473794097,3.0894244845529886,0.2900709219858156,0.10626682974930785,-0.2900709219858156,0.09999999999999998,,,,,,,,,,,,,,,,,-15.328258197495105
multimodal,rf,conditional two-mode density level set,0.904,0.016000000000000014,0.0040000000000000036,1.819801578771559,0.04887625397069599,1.8197157206362984,0.12872340425531917,0.07574856828611522,-0.12872340425531917,0.09822695035460989,0.04846398907725565,0.023244491220085702,-0.03514999810369024,0.030604543558235647,0.06438350969014299,0.023998748435544424,-0.04941024765805746,0.034292866082603256,0.06438350969014299,0.023998748435544424,-0.04941024765805746,0.034292866082603256,0.05728182955967687,0.024768176129252473,-0.043873023097053175,0.03761140819964348,25.932396975045023
multimodal,rf,gmm density level set (2 comp),0.898888888888889,0.016334467080832884,-0.0011111111111111367,2.4553794829023445,0.03530610590244583,2.4553794829023445,0.08757537831380136,0.04024680471801873,-0.08651154852656733,0.05738043766829748,,,,,,,,,,,,,,,,,0.06378995560833026
multimodal,rf,absolute residual,0.8991111111111111,0.01601850781416895,-0.000888888888888902,2.456946768155071,0.03535736051170238,2.456946768155071,0.08749952592255472,0.040781564076307494,-0.08473849888117724,0.05914400576478174,,,,,,,,,,,,,,,,,0.0
multimodal,rf,blended normalized residual gamma=0.75,0.9026666666666667,0.017999999999999974,0.002666666666666632,2.470479469025818,0.04498805142419293,2.4695850441256098,0.08039784579208857,0.03900732923730419,-0.07230818826563508,0.06269958660446769,,,,,,,,,,,,,,,,,-0.5507934093707948
multimodal,rf,blended normalized residual gamma=0.50,0.9042222222222223,0.016388794726659828,0.004222222222222201,2.4814941879023427,0.03990382871307935,2.4797401236450125,0.07150415291842079,0.038470199491788974,-0.065206508135169,0.06268062350665604,,,,,,,,,,,,,,,,,-0.9991026287356009
multimodal,rf,blended normalized residual gamma=0.25,0.9022222222222221,0.015865172665423616,0.0022222222222221997,2.4826774368543667,0.04448639548357022,2.4801081295129825,0.07506921530701256,0.03767280122880872,-0.07231766981454091,0.059134524215875915,,,,,,,,,,,,,,,,,-1.0472619526314355
multimodal,rf,stabilized normalized residual,0.8991111111111111,0.019508782447723118,-0.000888888888888902,2.4872049954690825,0.049473608762654435,2.4838654687912176,0.07336253650396334,0.036341828801152956,-0.07052565707133922,0.04858156028368795,,,,,,,,,,,,,,,,,-1.2315377649281554
multimodal,rf,locally normalized residual,0.8991111111111111,0.018041105328706487,-0.000888888888888902,2.4930215695612947,0.04737545004744578,2.4875052107763556,0.07336253650396334,0.03523556908256534,-0.065206508135169,0.05025979444001971,,,,,,,,,,,,,,,,,-1.4682776962771744
multimodal,rf,oracle local normalization,0.8966666666666666,0.012701705922171794,-0.0033333333333333734,2.943478962396244,0.044759605902529906,2.9301673323389337,0.38404255319148933,0.119912200857132,-0.38404255319148933,0.09999999999999998,,,,,,,,,,,,,,,,,-19.802309132098593
skewed,cqr_gbrt,absolute residual,0.8991111111111111,0.010859370420329442,-0.000888888888888902,1.3772416622419064,0.06414135272830304,1.3772416622419064,0.1393617021276596,0.06151320779762581,-0.1393617021276596,0.08936170212765955,,,,,,,,,,,,,,,,,0.0
skewed,cqr_gbrt,conformalized quantile regression,0.8915555555555557,0.006406015691288657,-0.00844444444444444,1.3936814020181725,0.04189171375299855,1.368445006683742,0.0648936170212766,0.029010932225888422,-0.0648936170212766,0.04308226191830696,,,,,,,,,,,,,,,,,-1.1936713960210237
skewed,krr,gmm density level set (1 comp),0.8902222222222221,0.006194382162118336,-0.00977777777777781,2.112871837642416,0.03358280538346632,2.112871837642416,0.16063829787234044,0.0735912788713164,-0.16063829787234044,0.08404255319148934,,,,,,,,,,,,,,,,,0.19030801275123488
skewed,krr,absolute residual,0.8902222222222221,0.006194382162118336,-0.00977777777777781,2.1169004688566186,0.030391346233672602,2.116900468856618,0.16063829787234044,0.0735912788713164,-0.16063829787234044,0.08404255319148934,,,,,,,,,,,,,,,,,0.0
skewed,krr,oracle local normalization,0.892,0.008000000000000007,-0.008000000000000007,2.1688198210451577,0.026159413700521134,2.155578383707193,0.10141843971631208,0.03130949671938408,-0.10062009329844128,0.046713695149239585,,,,,,,,,,,,,,,,,-2.4526118706271416
skewed,krr,blended normalized residual gamma=0.75,0.8917777777777779,0.0032885885748774792,-0.008222222222222242,2.17484870085272,0.006493530702707551,2.040304384753774,0.1464539007092199,0.060188872454204116,-0.1464539007092199,0.0786475518640725,,,,,,,,,,,,,,,,,-2.7374093798278847
skewed,krr,blended normalized residual gamma=0.50,0.8955555555555555,0.0073736266769053255,-0.004444444444444436,2.5832114750185142,0.04792314704864646,2.2887967932795354,0.11099290780141846,0.04526965525088178,-0.11099290780141846,0.08043956460727424,,,,,,,,,,,,,,,,,-22.02800807228125
skewed,krr,blended normalized residual gamma=0.25,0.8957777777777777,0.00367171369819075,-0.004222222222222238,3.6254281842069673,0.06028625754624393,3.051507669179252,0.08085106382978724,0.031844730155118135,-0.08085106382978724,0.053777449084082364,,,,,,,,,,,,,,,,,-71.26115457686754
skewed,krr,stabilized normalized residual,0.9011111111111111,0.003355481971231413,0.0011111111111110628,8.782114315335855,0.3606049807977823,7.058457259482863,0.055319148936170216,0.022375270224143807,-0.054255319148936186,0.0432624113475177,,,,,,,,,,,,,,,,,-314.8572143346567
skewed,krr,locally normalized residual,0.8975555555555556,0.001924500897298749,-0.002444444444444508,85.5574122313426,3.7114947490535593,62.333158870378874,0.03687943262411345,0.016558814047862847,-0.034751773049645385,0.030851063829787195,,,,,,,,,,,,,,,,,-3941.636037690233
skewed,mlp,blended normalized residual gamma=0.50,0.8922222222222222,0.012690036920239367,-0.00777777777777781,1.3871220882512,0.01609212139252303,1.331686311633792,0.08755641521598971,0.04594568968786742,-0.07585428755641525,0.07340425531914892,,,,,,,,,,,,,,,,,7.480924797582204
skewed,mlp,blended normalized residual gamma=0.25,0.8937777777777778,0.013001424423386716,-0.00622222222222224,1.3898180128370157,0.020036852968010773,1.3095013523057986,0.06170212765957447,0.031070324648234542,-0.04944817385368072,0.055673758865248245,,,,,,,,,,,,,,,,,7.30111045275436
skewed,mlp,oracle local normalization,0.8891111111111112,0.012478129014547968,-0.010888888888888911,1.3925822591598926,0.04498373911807847,1.3845163479142126,0.0524822695035461,0.020479671559145905,-0.0524822695035461,0.0182785299806576,,,,,,,,,,,,,,,,,7.116739145001133
skewed,mlp,blended normalized residual gamma=0.75,0.8937777777777778,0.007726817178094952,-0.00622222222222224,1.428028101412974,0.0267177264734768,1.3984220059436916,0.11844540524140028,0.05431837144915993,-0.11844540524140028,0.0822695035460993,,,,,,,,,,,,,,,,,4.7525517581789885
skewed,mlp,stabilized normalized residual,0.892,0.012666666666666715,-0.008000000000000044,1.4360301828475315,0.028684159433453257,1.3291743779888308,0.04600068267152121,0.021824392232715133,-0.03725490196078433,0.03617021276595741,,,,,,,,,,,,,,,,,4.218824280049742
skewed,mlp,locally normalized residual,0.8906666666666667,0.010066445913694329,-0.009333333333333341,1.4969962029869253,0.04449792221003829,1.366748758154336,0.03903743315508024,0.020186217620510493,-0.03903743315508024,0.0237588652482269,,,,,,,,,,,,,,,,,0.15247723688505702
skewed,mlp,absolute residual,0.8911111111111111,0.005347204184673672,-0.00888888888888891,1.499282267161,0.008371605383982126,1.499282267161,0.16595744680851066,0.07022343269996585,-0.16595744680851066,0.09113475177304964,,,,,,,,,,,,,,,,,0.0
skewed,mlp,gmm density level set (1 comp),0.8904444444444444,0.006049181150584946,-0.009555555555555576,1.5034751181539718,0.010191994873407273,1.5034751181539718,0.16241134751773054,0.07311411992263056,-0.16241134751773054,0.09113475177304964,,,,,,,,,,,,,,,,,-0.2796572123080806
skewed,rf,blended normalized residual gamma=0.50,0.890888888888889,0.006406015691288675,-0.009111111111111144,1.2868660080835597,0.007128379757551395,1.2668821632497442,0.09183069746273753,0.045227936435696135,-0.09183069746273753,0.06099290780141845,,,,,,,,,,,,,,,,,10.368648914634123
skewed,rf,blended normalized residual gamma=0.25,0.8966666666666666,0.0006666666666666765,-0.0033333333333333734,1.29354195387872,0.0010219038681234041,1.2643949416085383,0.06189744756703456,0.0315967876512307,-0.06189744756703456,0.04680851063829783,,,,,,,,,,,,,,,,,9.903663409046008
skewed,rf,stabilized normalized residual,0.8971111111111112,0.0025239592648001723,-0.002888888888888904,1.3081623535858118,0.028318419979009572,1.269702008695312,0.04769408730610233,0.023337647438085484,-0.04769408730610233,0.032624113475177276,,,,,,,,,,,,,,,,,8.885339690086118
skewed,rf,oracle local normalization,0.8975555555555556,0.008388704928078576,-0.0024444444444444713,1.323486144331346,0.018676601558977247,1.3156403353773956,0.03535290325027496,0.01689090529828953,-0.026341639170174885,0.02907801418439715,,,,,,,,,,,,,,,,,7.81802416566948
skewed,rf,blended normalized residual gamma=0.75,0.8911111111111111,0.011744186899310017,-0.008888888888888872,1.3347189940692055,0.019569967867891686,1.3239919339027677,0.11808510638297876,0.05730648158683203,-0.11808510638297876,0.07517730496453896,,,,,,,,,,,,,,,,,7.0356462862175
skewed,rf,locally normalized residual,0.8942222222222224,0.006938886664887078,-0.005777777777777771,1.3403096789311952,0.046364059953052955,1.2820445004049246,0.04699434899685214,0.017956394356582087,-0.04260249554367205,0.025408654757841227,,,,,,,,,,,,,,,,,6.646250160649696
skewed,rf,gmm density level set (1 comp),0.8937777777777778,0.014021148048308776,-0.00622222222222224,1.432304698359701,0.055956611066594455,1.432304698359701,0.14290780141843973,0.0666315849357151,-0.14290780141843973,0.08758865248226948,,,,,,,,,,,,,,,,,0.23871601746325008
skewed,rf,absolute residual,0.8933333333333334,0.014666666666666689,-0.006666666666666672,1.4357320206608672,0.05620203640971748,1.4357320206608675,0.1464539007092199,0.06751810975841013,-0.1464539007092199,0.08758865248226948,,,,,,,,,,,,,,,,,0.0
