epoch,head,head_family,train_acc,test_acc,fit_seconds,error,delta_vs_linear,delta_ci_low,delta_ci_high,room_to_improve,relative_gain_of_remaining_error,mcnemar_n01,mcnemar_n10,mcnemar_p,best_linear_head,best_linear_acc,delta_vs_best_linear,delta_best_linear_ci_low,delta_best_linear_ci_high,relative_gain_vs_best_linear_remaining_error,mcnemar_vs_best_linear_n01,mcnemar_vs_best_linear_n10,mcnemar_vs_best_linear_p
0,linear_logreg,linear,0.6663,0.6527,6.453301191329956,,0.0,0.0,0.0,0.34730000000000005,0.0,0,0,1.0,linear_logreg,0.6527,0.0,0.0,0.0,0.0,0,0,1.0
0,linear_svm,linear,0.6554,0.6318,3.749786615371704,,-0.0209,-0.0261025,-0.015897500000000002,0.34730000000000005,-0.060178520011517404,261,470,9.502719008458867e-15,linear_logreg,0.6527,-0.0209,-0.0261025,-0.0156,-0.060178520011517404,261,470,9.502719008458867e-15
0,knn_distance,nonlinear,1.0,0.4153,1.857276201248169,,-0.2374,-0.24880249999999998,-0.226,0.34730000000000005,-0.6835588828102503,647,3021,0.0,linear_logreg,0.6527,-0.2374,-0.2485,-0.2258975,-0.6835588828102503,647,3021,0.0
0,random_forest,nonlinear,1.0,0.4538,30.60026526451111,,-0.1989,-0.2098,-0.1890925,0.34730000000000005,-0.5727037143679815,696,2685,2.5623926074057935e-273,linear_logreg,0.6527,-0.1989,-0.209105,-0.1876,-0.5727037143679815,696,2685,2.5623926074057935e-273
0,rbf_svm,nonlinear,0.762,0.6321,23.43121910095215,,-0.0206,-0.0293025,-0.011597500000000002,0.34730000000000005,-0.059314713504175054,958,1164,8.447607463489632e-06,linear_logreg,0.6527,-0.0206,-0.029502499999999997,-0.011492500000000006,-0.059314713504175054,958,1164,8.447607463489632e-06
0,small_mlp,nonlinear,0.7017,0.6355,7.794508218765259,,-0.0172,-0.024902499999999998,-0.009497500000000002,0.34730000000000005,-0.0495249064209617,890,1062,0.00010762766635975883,linear_logreg,0.6527,-0.0172,-0.0251,-0.0085,-0.0495249064209617,890,1062,0.00010762766635975883
1,linear_logreg,linear,0.8712,0.8447,2.700981616973877,,0.0,0.0,0.0,0.1553,0.0,0,0,1.0,linear_logreg,0.8447,0.0,0.0,0.0,0.0,0,0,1.0
1,linear_svm,linear,0.8601,0.841,1.474287986755371,,-0.0037,-0.0074,-0.0004975000000000023,0.1553,-0.02382485511912428,135,172,0.03974084970936634,linear_logreg,0.8447,-0.0037,-0.0067025,-0.0003,-0.02382485511912428,135,172,0.03974084970936634
1,knn_distance,nonlinear,1.0,0.8202,1.782628059387207,,-0.0245,-0.0305,-0.0186,0.1553,-0.1577591757887959,363,608,3.4952640827806215e-15,linear_logreg,0.8447,-0.0245,-0.0303,-0.0181,-0.1577591757887959,363,608,3.4952640827806215e-15
1,random_forest,nonlinear,1.0,0.8285,30.40903329849243,,-0.0162,-0.0221,-0.0102,0.1553,-0.10431423052157116,364,526,6.263359985375248e-08,linear_logreg,0.8447,-0.0162,-0.022002499999999998,-0.0104,-0.10431423052157116,364,526,6.263359985375248e-08
1,rbf_svm,nonlinear,0.9138,0.8552,10.094857454299927,,0.0105,0.0058975,0.0155,0.1553,0.06761107533805538,396,291,7.037835492146075e-05,linear_logreg,0.8447,0.0105,0.0056,0.0157,0.06761107533805538,396,291,7.037835492146075e-05
1,small_mlp,nonlinear,0.8454,0.826,2.0017309188842773,,-0.0187,-0.0242,-0.0136,0.1553,-0.12041210560206055,295,482,2.0206312004804696e-11,linear_logreg,0.8447,-0.0187,-0.024,-0.0132,-0.12041210560206055,295,482,2.0206312004804696e-11
2,linear_logreg,linear,0.9661,0.9466,1.7846770286560059,,0.0,0.0,0.0,0.0534,0.0,0,0,1.0,linear_svm,0.9497,-0.0031,-0.0053,-0.001,-0.061630218687872745,45,76,0.0061508081499953545
2,linear_svm,linear,0.9609,0.9497,0.742053747177124,,0.0031,0.001,0.0054,0.0534,0.058052434456928835,76,45,0.0061508081499953545,linear_svm,0.9497,0.0,0.0,0.0,0.0,0,0,1.0
2,knn_distance,nonlinear,1.0,0.9458,1.896860122680664,,-0.0008,-0.004,0.0029024999999999975,0.0534,-0.0149812734082397,140,148,0.6800614268589984,linear_svm,0.9497,-0.0039,-0.0068,-0.0013975000000000023,-0.07753479125248507,81,120,0.007203828622098756
2,random_forest,nonlinear,1.0,0.9473,28.550467014312744,,0.0007,-0.0023,0.0037,0.0534,0.013108614232209737,134,127,0.7104231877880339,linear_svm,0.9497,-0.0024,-0.0053,0.0004,-0.04771371769383696,79,103,0.08794001140445872
2,rbf_svm,nonlinear,0.9849,0.9464,3.7668328285217285,,-0.0002,-0.0033,0.0026,0.0534,-0.003745318352059925,123,125,0.9493853281653526,linear_svm,0.9497,-0.0033,-0.0061025,-0.0004,-0.06560636182902584,83,116,0.023062898871225278
2,small_mlp,nonlinear,0.9698,0.9446,4.001764535903931,,-0.002,-0.0051,0.0009,0.0534,-0.03745318352059925,104,124,0.2081848941841444,linear_svm,0.9497,-0.0051,-0.0078,-0.0026,-0.10139165009940357,63,114,0.00015548082207836244
5,linear_logreg,linear,0.993,0.9739,1.4197444915771484,,0.0,0.0,0.0,0.026100000000000012,0.0,0,0,1.0,linear_svm,0.9767,-0.0028,-0.0045,-0.0011,-0.12017167381974256,24,52,0.001761872002940625
5,linear_svm,linear,0.9896,0.9767,0.5428829193115234,,0.0028,0.001,0.0046,0.026100000000000012,0.10727969348658999,52,24,0.001761872002940625,linear_svm,0.9767,0.0,0.0,0.0,0.0,0,0,1.0
5,knn_distance,nonlinear,1.0,0.9784,1.571681022644043,,0.0045,0.0023,0.0068,0.026100000000000012,0.17241379310344818,87,42,9.20661380268257e-05,linear_svm,0.9767,0.0017,0.0,0.0034,0.07296137339055797,48,31,0.07116340869529121
5,random_forest,nonlinear,1.0,0.9775,22.633329153060913,,0.0036,0.0014,0.0059,0.026100000000000012,0.13793103448275856,80,44,0.0015647340261696686,linear_svm,0.9767,0.0008,-0.0009,0.0023,0.034334763948497875,38,30,0.39612484029702977
5,rbf_svm,nonlinear,0.9956,0.9769,1.6200954914093018,,0.003,0.0009975000000000001,0.0052,0.026100000000000012,0.11494252873563213,74,44,0.007330019969069089,linear_svm,0.9767,0.0002,-0.0015,0.0019,0.008583690987124469,36,34,0.9049745264594622
5,small_mlp,nonlinear,0.9833,0.9766,1.5222740173339844,,0.0027,0.0005975,0.0049,0.026100000000000012,0.10344827586206892,81,54,0.02487582645664314,linear_svm,0.9767,-0.0001,-0.0019,0.0016,-0.004291845493562234,42,43,1.0
10,linear_logreg,linear,0.9985,0.9819,1.3319692611694336,,0.0,0.0,0.0,0.018100000000000005,0.0,0,0,1.0,linear_svm,0.9836,-0.0017,-0.0032,-0.0002,-0.10365853658536604,20,37,0.03314396778750544
10,linear_svm,linear,0.9973,0.9836,0.510352373123169,,0.0017,0.0002,0.0033,0.018100000000000005,0.09392265193370163,37,20,0.03314396778750544,linear_svm,0.9836,0.0,0.0,0.0,0.0,0,0,1.0
10,knn_distance,nonlinear,1.0,0.9845,2.0426506996154785,,0.0026,0.0006,0.004602499999999998,0.018100000000000005,0.14364640883977897,63,37,0.012032975725363479,linear_svm,0.9836,0.0009,-0.0006,0.0025,0.0548780487804879,37,28,0.3210841356849955
10,random_forest,nonlinear,1.0,0.985,18.97755265235901,,0.0031,0.0012975,0.0052,0.018100000000000005,0.17127071823204415,62,31,0.0017127644224002386,linear_svm,0.9836,0.0014,-0.0001,0.0029,0.08536585365853674,35,21,0.08142681460950618
10,rbf_svm,nonlinear,0.9978,0.9844,1.1151773929595947,,0.0025,0.0007,0.0045,0.018100000000000005,0.13812154696132592,58,33,0.011456340539425666,linear_svm,0.9836,0.0008,-0.0007024999999999999,0.0025,0.04878048780487814,37,29,0.3890524605477928
10,small_mlp,nonlinear,0.989,0.9819,1.3800146579742432,,0.0,-0.002,0.0022,0.018100000000000005,0.0,55,55,1.0,linear_svm,0.9836,-0.0017,-0.0034,0.0002,-0.10365853658536604,35,52,0.08568897435916664
20,linear_logreg,linear,0.9992,0.9865,1.2128894329071045,,0.0,0.0,0.0,0.013499999999999956,0.0,0,0,1.0,linear_svm,0.9875,-0.001,-0.0021,0.0001,-0.08000000000000028,11,21,0.11018416518345475
20,linear_svm,linear,0.9989,0.9875,0.5065598487854004,,0.001,-0.0001,0.0021,0.013499999999999956,0.07407407407407432,21,11,0.11018416518345475,linear_svm,0.9875,0.0,0.0,0.0,0.0,0,0,1.0
20,knn_distance,nonlinear,1.0,0.9881,1.689134120941162,,0.0016,0.0,0.0031,0.013499999999999956,0.11851851851851891,38,22,0.051893895928921435,linear_svm,0.9875,0.0006,-0.0007,0.002,0.04800000000000017,26,20,0.4613911821367651
20,random_forest,nonlinear,1.0,0.9881,15.741695880889893,,0.0016,0.0002,0.003,0.013499999999999956,0.11851851851851891,34,18,0.03648340000835981,linear_svm,0.9875,0.0006,-0.0005,0.0019,0.04800000000000017,22,16,0.417692190836533
20,rbf_svm,nonlinear,0.9988,0.9881,1.0435314178466797,,0.0016,0.0003975000000000002,0.0028024999999999977,0.013499999999999956,0.11851851851851891,31,15,0.02589608179323477,linear_svm,0.9875,0.0006,-0.0004,0.0017,0.04800000000000017,19,13,0.37708558747544885
20,small_mlp,nonlinear,0.9975,0.988,2.1264262199401855,,0.0015,0.0,0.0031,0.013499999999999956,0.11111111111111147,38,23,0.07217743850092258,linear_svm,0.9875,0.0005,-0.0008,0.0018,0.04000000000000014,24,19,0.542384011856484
